{"accountId":"ef23faf2-6c4e-4d73-a5ad-1cb3cef91a65","industry":"4t609pGmhK","lastUpdatedDate":"2021-10-19","locale":"GBP","opportunityId":"16","opportunityName":"opportunity_16","paymentFrequency":"Annually","product1":"Outbound patient message","product2":"Inbound patient message","state1":"Lost","state2":"Lost","value1":78,"value2":103}
{"accountId":"37a846db-767c-46a8-9500-93c9ca667381","industry":"vKh5UT98rV","lastUpdatedDate":"2021-10-19","locale":"GBP","opportunityId":"11","opportunityName":"opportunity_11","paymentFrequency":"Quarterly","product1":"Outbound patient message","product2":"Inbound patient message","state1":"Close Won","state2":"Close Won","value1":93,"value2":139}
{"accountId":"aa3de5cb-466a-4c1e-9b6f-1b81381bad75","industry":"35msD2rvNV","lastUpdatedDate":"2021-10-19","locale":"GBP","opportunityId":"90","opportunityName":"opportunity_90","paymentFrequency":"Annually","product1":"Outbound patient message","product2":"Inbound patient message","state1":"Lost","state2":"Close Won","value1":113,"value2":68}
