{"accountId":"320d3e1c-322c-4336-bad1-1b09e69d965e","industry":"W9mvGVjz1H","lastUpdatedDate":"2022-10-12","locale":"GBP","opportunityId":"144","opportunityName":"opportunity_144","paymentFrequency":"Monthly","product1":"Outbound patient message","product2":"Inbound patient message","state1":"Close Won","state2":"Close Won","value1":136,"value2":150}
{"accountId":"92288e8b-1e97-4af6-afcd-8c706312b7e4","industry":"CFsXbZQ92P","lastUpdatedDate":"2022-10-12","locale":"GBP","opportunityId":"153","opportunityName":"opportunity_153","paymentFrequency":"Monthly","product1":"Outbound patient message","product2":"Inbound patient message","state1":"Close Won","state2":"Close Won","value1":123,"value2":62}
{"accountId":"c082f3e6-dce8-42de-99d8-ef0bb01e728f","industry":"DjjHmxgo6g","lastUpdatedDate":"2022-10-12","locale":"GBP","opportunityId":"261","opportunityName":"opportunity_261","paymentFrequency":"Quarterly","product1":"Outbound patient message","product2":"Inbound patient message","state1":"Lost","state2":"Close Won","value1":69,"value2":50}
{"accountId":"838afb40-07dd-4711-b4a9-cae177a1aa6d","industry":"VOlrflghs4","lastUpdatedDate":"2022-10-12","locale":"GBP","opportunityId":"130","opportunityName":"opportunity_130","paymentFrequency":"Quarterly","product1":"Outbound patient message","product2":"Inbound patient message","state1":"Lost","state2":"Close Won","value1":142,"value2":53}
{"accountId":"5759ede0-3344-45af-b240-76761e7a80cf","industry":"4Rw1ZTRkhO","lastUpdatedDate":"2022-10-12","locale":"GBP","opportunityId":"218","opportunityName":"opportunity_218","paymentFrequency":"Quarterly","product1":"Outbound patient message","product2":"Inbound patient message","state1":"Close Won","state2":"Lost","value1":51,"value2":135}
{"accountId":"583f544a-836a-4244-8912-c4c258f85117","industry":"VS3wo8Sprt","lastUpdatedDate":"2022-10-12","locale":"GBP","opportunityId":"248","opportunityName":"opportunity_248","paymentFrequency":"Monthly","product1":"Outbound patient message","product2":"Inbound patient message","state1":"Close Won","state2":"Lost","value1":82,"value2":77}
{"accountId":"373b3e64-5df7-4418-b341-af7a6593ec3b","industry":"1P7kVEl82P","lastUpdatedDate":"2022-10-12","locale":"GBP","opportunityId":"217","opportunityName":"opportunity_217","paymentFrequency":"Annually","product1":"Outbound patient message","product2":"Inbound patient message","state1":"Close Won","state2":"Close Won","value1":66,"value2":61}
{"accountId":"37a846db-767c-46a8-9500-93c9ca667381","industry":"vKh5UT98rV","lastUpdatedDate":"2022-10-12","locale":"GBP","opportunityId":"234","opportunityName":"opportunity_234","paymentFrequency":"Quarterly","product1":"Outbound patient message","product2":"Inbound patient message","state1":"Close Won","state2":"Close Won","value1":88,"value2":69}
{"accountId":"8831a558-1bd3-4922-8b50-6ead00901d8f","industry":"hRKh9k3SqQ","lastUpdatedDate":"2022-10-12","locale":"GBP","opportunityId":"107","opportunityName":"opportunity_107","paymentFrequency":"Annually","product1":"Outbound patient message","product2":"Inbound patient message","state1":"Close Won","state2":"Close Won","value1":137,"value2":79}
{"accountId":"7b1ffbc2-6f15-4672-b3f8-6bf11bdf367e","industry":"ZpcYe5PlI5","lastUpdatedDate":"2022-10-12","locale":"GBP","opportunityId":"171","opportunityName":"opportunity_171","paymentFrequency":"Quarterly","product1":"Outbound patient message","product2":"Inbound patient message","state1":"Lost","state2":"Close Won","value1":79,"value2":65}
{"accountId":"5d2cb818-ef51-46b5-b10a-c507b30a0eba","industry":"4Z0gAPLXOG","lastUpdatedDate":"2022-10-12","locale":"GBP","opportunityId":"250","opportunityName":"opportunity_250","paymentFrequency":"Monthly","product1":"Outbound patient message","product2":"Inbound patient message","state1":"Lost","state2":"Close Won","value1":84,"value2":142}
{"accountId":"e1710833-00ba-4d87-aed4-74bc2ea199f7","industry":"cnDjx5S1TZ","lastUpdatedDate":"2022-10-12","locale":"GBP","opportunityId":"191","opportunityName":"opportunity_191","paymentFrequency":"Quarterly","product1":"Outbound patient message","product2":"Inbound patient message","state1":"Lost","state2":"Close Won","value1":66,"value2":126}
{"accountId":"5f6bdff5-5f69-4a11-9ea4-4a06725b8b5c","industry":"Lo9CtnwfOk","lastUpdatedDate":"2022-10-12","locale":"GBP","opportunityId":"229","opportunityName":"opportunity_229","paymentFrequency":"Annually","product1":"Outbound patient message","product2":"Inbound patient message","state1":"Lost","state2":"Close Won","value1":141,"value2":111}
{"accountId":"54b2a54e-f39a-4762-8791-59cbbd571e01","industry":"94srBLSLR1","lastUpdatedDate":"2022-10-12","locale":"GBP","opportunityId":"273","opportunityName":"opportunity_273","paymentFrequency":"Monthly","product1":"Outbound patient message","product2":"Inbound patient message","state1":"Close Won","state2":"Lost","value1":116,"value2":75}
{"accountId":"3727471e-47de-477e-bdeb-2539be7012e2","industry":"JA7Nk3rCiF","lastUpdatedDate":"2022-10-12","locale":"GBP","opportunityId":"270","opportunityName":"opportunity_270","paymentFrequency":"Monthly","product1":"Outbound patient message","product2":"Inbound patient message","state1":"Lost","state2":"Lost","value1":115,"value2":128}
{"accountId":"fbbb6227-556f-4a77-8c35-88f41006db11","industry":"Mkf48WVyIB","lastUpdatedDate":"2022-10-12","locale":"GBP","opportunityId":"172","opportunityName":"opportunity_172","paymentFrequency":"Monthly","product1":"Outbound patient message","product2":"Inbound patient message","state1":"Lost","state2":"Lost","value1":68,"value2":50}
{"accountId":"aaed25b2-62d4-4522-ac30-542e242f5c55","industry":"B71F07zsZh","lastUpdatedDate":"2022-10-12","locale":"GBP","opportunityId":"202","opportunityName":"opportunity_202","paymentFrequency":"Quarterly","product1":"Outbound patient message","product2":"Inbound patient message","state1":"Lost","state2":"Close Won","value1":55,"value2":115}
{"accountId":"bbf550ee-b719-4dca-b364-0cf2659cc154","industry":"qwEyD9fuaa","lastUpdatedDate":"2022-10-12","locale":"GBP","opportunityId":"145","opportunityName":"opportunity_145","paymentFrequency":"Monthly","product1":"Outbound patient message","product2":"Inbound patient message","state1":"Lost","state2":"Close Won","value1":147,"value2":124}
{"accountId":"68275770-f794-40d1-8eec-e6a9dea661de","industry":"nZmdT9CvAy","lastUpdatedDate":"2022-10-12","locale":"GBP","opportunityId":"208","opportunityName":"opportunity_208","paymentFrequency":"Quarterly","product1":"Outbound patient message","product2":"Inbound patient message","state1":"Close Won","state2":"Close Won","value1":117,"value2":101}
{"accountId":"cbadc59c-c1b7-42d7-a899-ec33e7b963f9","industry":"9gqMhJ25jh","lastUpdatedDate":"2022-10-12","locale":"GBP","opportunityId":"227","opportunityName":"opportunity_227","paymentFrequency":"Quarterly","product1":"Outbound patient message","product2":"Inbound patient message","state1":"Close Won","state2":"Close Won","value1":81,"value2":62}
{"accountId":"35c2affd-9250-498f-9479-72c9ea796648","industry":"Ms2jcJhh6o","lastUpdatedDate":"2022-10-12","locale":"GBP","opportunityId":"255","opportunityName":"opportunity_255","paymentFrequency":"Annually","product1":"Outbound patient message","product2":"Inbound patient message","state1":"Close Won","state2":"Close Won","value1":100,"value2":71}
{"accountId":"997f5344-da76-4bf2-a579-c9b7aa69f53a","industry":"74MKFJJb0g","lastUpdatedDate":"2022-10-12","locale":"GBP","opportunityId":"126","opportunityName":"opportunity_126","paymentFrequency":"Monthly","product1":"Outbound patient message","product2":"Inbound patient message","state1":"Close Won","state2":"Close Won","value1":92,"value2":67}
