{"accountId":"583f544a-836a-4244-8912-c4c258f85117","industry":"VS3wo8Sprt","lastUpdatedDate":"2022-06-14","locale":"GBP","opportunityId":"149","opportunityName":"opportunity_149","paymentFrequency":"Monthly","product1":"Outbound patient message","product2":"Inbound patient message","state1":"Lost","state2":"Close Won","value1":85,"value2":66}
{"accountId":"40792985-b238-4808-8f03-4ccd3fe6fb0a","industry":"lAvJuilzRM","lastUpdatedDate":"2022-06-14","locale":"GBP","opportunityId":"131","opportunityName":"opportunity_131","paymentFrequency":"Annually","product1":"Outbound patient message","product2":"Inbound patient message","state1":"Close Won","state2":"Close Won","value1":115,"value2":102}
{"accountId":"fbbb6227-556f-4a77-8c35-88f41006db11","industry":"Mkf48WVyIB","lastUpdatedDate":"2022-06-14","locale":"GBP","opportunityId":"73","opportunityName":"opportunity_73","paymentFrequency":"Monthly","product1":"Outbound patient message","product2":"Inbound patient message","state1":"Lost","state2":"Close Won","value1":117,"value2":54}
{"accountId":"1cab8b98-3774-475d-a40e-9304ccbee2bb","industry":"zwJl0tZIE6","lastUpdatedDate":"2022-06-14","locale":"GBP","opportunityId":"112","opportunityName":"opportunity_112","paymentFrequency":"Quarterly","product1":"Outbound patient message","product2":"Inbound patient message","state1":"Close Won","state2":"Lost","value1":103,"value2":96}
{"accountId":"320d3e1c-322c-4336-bad1-1b09e69d965e","industry":"W9mvGVjz1H","lastUpdatedDate":"2022-06-14","locale":"GBP","opportunityId":"45","opportunityName":"opportunity_45","paymentFrequency":"Monthly","product1":"Outbound patient message","product2":"Inbound patient message","state1":"Lost","state2":"Lost","value1":112,"value2":55}
{"accountId":"dd624ba0-66b1-44fb-b1a6-d7689c048377","industry":"AIF5FfEnrm","lastUpdatedDate":"2022-06-14","locale":"GBP","opportunityId":"173","opportunityName":"opportunity_173","paymentFrequency":"Quarterly","product1":"Outbound patient message","product2":"Inbound patient message","state1":"Close Won","state2":"Close Won","value1":130,"value2":91}
{"accountId":"cbbddfef-2757-4451-bde7-1380d6d99144","industry":"JXjmr3hZJm","lastUpdatedDate":"2022-06-14","locale":"GBP","opportunityId":"75","opportunityName":"opportunity_75","paymentFrequency":"Monthly","product1":"Outbound patient message","product2":"Inbound patient message","state1":"Close Won","state2":"Close Won","value1":85,"value2":139}
{"accountId":"3727471e-47de-477e-bdeb-2539be7012e2","industry":"JA7Nk3rCiF","lastUpdatedDate":"2022-06-14","locale":"GBP","opportunityId":"197","opportunityName":"opportunity_197","paymentFrequency":"Monthly","product1":"Outbound patient message","product2":"Inbound patient message","state1":"Lost","state2":"Close Won","value1":99,"value2":122}
{"accountId":"ba2b230e-3000-4ffe-b9b2-3a9053a295af","industry":"hLQjQmKaBJ","lastUpdatedDate":"2022-06-14","locale":"GBP","opportunityId":"35","opportunityName":"opportunity_35","paymentFrequency":"Annually","product1":"Outbound patient message","product2":"Inbound patient message","state1":"Close Won","state2":"Lost","value1":141,"value2":133}
{"accountId":"4fab59ae-6b03-4d36-91ad-68842d9fce83","industry":"QPU4nO35Zs","lastUpdatedDate":"2022-06-14","locale":"GBP","opportunityId":"30","opportunityName":"opportunity_30","paymentFrequency":"Quarterly","product1":"Outbound patient message","product2":"Inbound patient message","state1":"Close Won","state2":"Lost","value1":82,"value2":66}
{"accountId":"5d2cb818-ef51-46b5-b10a-c507b30a0eba","industry":"4Z0gAPLXOG","lastUpdatedDate":"2022-06-14","locale":"GBP","opportunityId":"152","opportunityName":"opportunity_152","paymentFrequency":"Monthly","product1":"Outbound patient message","product2":"Inbound patient message","state1":"Close Won","state2":"Lost","value1":78,"value2":129}
{"accountId":"9b2b8cb9-5710-4f40-9944-517dbfb29c9c","industry":"iGnPQk3h1P","lastUpdatedDate":"2022-06-14","locale":"GBP","opportunityId":"113","opportunityName":"opportunity_113","paymentFrequency":"Annually","product1":"Outbound patient message","product2":"Inbound patient message","state1":"Close Won","state2":"Lost","value1":116,"value2":56}
{"accountId":"aa3de5cb-466a-4c1e-9b6f-1b81381bad75","industry":"35msD2rvNV","lastUpdatedDate":"2022-06-14","locale":"GBP","opportunityId":"189","opportunityName":"opportunity_189","paymentFrequency":"Annually","product1":"Outbound patient message","product2":"Inbound patient message","state1":"Close Won","state2":"Close Won","value1":66,"value2":104}
{"accountId":"0749da41-165d-4ece-8a9e-af78bf231743","industry":"joyrO6P2ld","lastUpdatedDate":"2022-06-14","locale":"GBP","opportunityId":"140","opportunityName":"opportunity_140","paymentFrequency":"Quarterly","product1":"Outbound patient message","product2":"Inbound patient message","state1":"Close Won","state2":"Close Won","value1":109,"value2":82}
{"accountId":"aaed25b2-62d4-4522-ac30-542e242f5c55","industry":"B71F07zsZh","lastUpdatedDate":"2022-06-14","locale":"GBP","opportunityId":"167","opportunityName":"opportunity_167","paymentFrequency":"Quarterly","product1":"Outbound patient message","product2":"Inbound patient message","state1":"Close Won","state2":"Close Won","value1":90,"value2":118}
{"accountId":"3726d1ee-f078-4178-94d9-462c8b3a6062","industry":"mTs8MXNV7J","lastUpdatedDate":"2022-06-14","locale":"GBP","opportunityId":"136","opportunityName":"opportunity_136","paymentFrequency":"Annually","product1":"Outbound patient message","product2":"Inbound patient message","state1":"Close Won","state2":"Close Won","value1":74,"value2":147}
{"accountId":"1cbfbfb1-c4a5-4b97-9ada-8af07c9e435a","industry":"3KojlcNq0W","lastUpdatedDate":"2022-06-14","locale":"GBP","opportunityId":"194","opportunityName":"opportunity_194","paymentFrequency":"Annually","product1":"Outbound patient message","product2":"Inbound patient message","state1":"Close Won","state2":"Close Won","value1":95,"value2":70}
{"accountId":"bbf550ee-b719-4dca-b364-0cf2659cc154","industry":"qwEyD9fuaa","lastUpdatedDate":"2022-06-14","locale":"GBP","opportunityId":"145","opportunityName":"opportunity_145","paymentFrequency":"Monthly","product1":"Outbound patient message","product2":"Inbound patient message","state1":"Close Won","state2":"Close Won","value1":93,"value2":125}
{"accountId":"997f5344-da76-4bf2-a579-c9b7aa69f53a","industry":"74MKFJJb0g","lastUpdatedDate":"2022-06-14","locale":"GBP","opportunityId":"27","opportunityName":"opportunity_27","paymentFrequency":"Monthly","product1":"Outbound patient message","product2":"Inbound patient message","state1":"Close Won","state2":"Close Won","value1":85,"value2":132}
