{"accountId":"0749da41-165d-4ece-8a9e-af78bf231743","industry":"joyrO6P2ld","lastUpdatedDate":"2022-11-25","locale":"GBP","opportunityId":"221","opportunityName":"opportunity_221","paymentFrequency":"Quarterly","product1":"Outbound patient message","product2":"Inbound patient message","state1":"Close Won","state2":"Close Won","value1":133,"value2":128}
{"accountId":"00effb03-ebfd-443d-a08e-588421347c65","industry":"W1L9Q8NmSX","lastUpdatedDate":"2022-11-25","locale":"GBP","opportunityId":"233","opportunityName":"opportunity_233","paymentFrequency":"Annually","product1":"Outbound patient message","product2":"Inbound patient message","state1":"Close Won","state2":"Close Won","value1":150,"value2":108}
{"accountId":"997f5344-da76-4bf2-a579-c9b7aa69f53a","industry":"74MKFJJb0g","lastUpdatedDate":"2022-11-25","locale":"GBP","opportunityId":"126","opportunityName":"opportunity_126","paymentFrequency":"Monthly","product1":"Outbound patient message","product2":"Inbound patient message","state1":"Lost","state2":"Close Won","value1":58,"value2":120}
{"accountId":"8966f148-1522-4a73-a813-97c52554fc64","industry":"jjwbn2QzUf","lastUpdatedDate":"2022-11-25","locale":"GBP","opportunityId":"224","opportunityName":"opportunity_224","paymentFrequency":"Quarterly","product1":"Outbound patient message","product2":"Inbound patient message","state1":"Close Won","state2":"Close Won","value1":65,"value2":107}
{"accountId":"2bc555c5-034c-498d-acc0-baf0d3e4418e","industry":"IMCzdfj8mX","lastUpdatedDate":"2022-11-25","locale":"GBP","opportunityId":"252","opportunityName":"opportunity_252","paymentFrequency":"Quarterly","product1":"Outbound patient message","product2":"Inbound patient message","state1":"Close Won","state2":"Close Won","value1":114,"value2":67}
{"accountId":"e3158c80-0658-4cbf-8770-8e64b457fa10","industry":"GEhgdPsPq0","lastUpdatedDate":"2022-11-25","locale":"GBP","opportunityId":"271","opportunityName":"opportunity_271","paymentFrequency":"Quarterly","product1":"Outbound patient message","product2":"Inbound patient message","state1":"Close Won","state2":"Close Won","value1":88,"value2":117}
{"accountId":"85becbb2-f093-4594-92f1-485c08b783cf","industry":"ToBgZUsL9P","lastUpdatedDate":"2022-11-25","locale":"GBP","opportunityId":"232","opportunityName":"opportunity_232","paymentFrequency":"Monthly","product1":"Outbound patient message","product2":"Inbound patient message","state1":"Close Won","state2":"Close Won","value1":130,"value2":134}
{"accountId":"5f6bdff5-5f69-4a11-9ea4-4a06725b8b5c","industry":"Lo9CtnwfOk","lastUpdatedDate":"2022-11-25","locale":"GBP","opportunityId":"229","opportunityName":"opportunity_229","paymentFrequency":"Annually","product1":"Outbound patient message","product2":"Inbound patient message","state1":"Lost","state2":"Close Won","value1":88,"value2":53}
{"accountId":"e3871ddd-d37d-49f5-92c6-22acbf139565","industry":"12UuQkikMK","lastUpdatedDate":"2022-11-25","locale":"GBP","opportunityId":"260","opportunityName":"opportunity_260","paymentFrequency":"Quarterly","product1":"Outbound patient message","product2":"Inbound patient message","state1":"Lost","state2":"Lost","value1":122,"value2":95}
{"accountId":"3bfa679c-dd05-4739-893e-db2f93adf3cb","industry":"bPWgq3sCNN","lastUpdatedDate":"2022-11-25","locale":"GBP","opportunityId":"267","opportunityName":"opportunity_267","paymentFrequency":"Monthly","product1":"Outbound patient message","product2":"Inbound patient message","state1":"Lost","state2":"Lost","value1":78,"value2":85}
{"accountId":"44ea9a7c-a897-4bff-8105-477143da33b8","industry":"VHKDp5wva4","lastUpdatedDate":"2022-11-25","locale":"GBP","opportunityId":"207","opportunityName":"opportunity_207","paymentFrequency":"Monthly","product1":"Outbound patient message","product2":"Inbound patient message","state1":"Lost","state2":"Lost","value1":102,"value2":145}
{"accountId":"eaf54617-31cc-4c37-a581-68e5ca4c0d95","industry":"dVKEymf21S","lastUpdatedDate":"2022-11-25","locale":"GBP","opportunityId":"228","opportunityName":"opportunity_228","paymentFrequency":"Annually","product1":"Outbound patient message","product2":"Inbound patient message","state1":"Close Won","state2":"Lost","value1":77,"value2":71}
{"accountId":"d64ccb08-68d6-4b3d-aeb5-5d1ea3224496","industry":"xWiukiroxt","lastUpdatedDate":"2022-11-25","locale":"GBP","opportunityId":"262","opportunityName":"opportunity_262","paymentFrequency":"Monthly","product1":"Outbound patient message","product2":"Inbound patient message","state1":"Close Won","state2":"Lost","value1":59,"value2":97}
{"accountId":"3a5d243f-7c8d-40ec-af3d-571767304e52","industry":"CX59G7lviB","lastUpdatedDate":"2022-11-25","locale":"GBP","opportunityId":"212","opportunityName":"opportunity_212","paymentFrequency":"Annually","product1":"Outbound patient message","product2":"Inbound patient message","state1":"Lost","state2":"Close Won","value1":129,"value2":81}
{"accountId":"4fab59ae-6b03-4d36-91ad-68842d9fce83","industry":"QPU4nO35Zs","lastUpdatedDate":"2022-11-25","locale":"GBP","opportunityId":"129","opportunityName":"opportunity_129","paymentFrequency":"Quarterly","product1":"Outbound patient message","product2":"Inbound patient message","state1":"Close Won","state2":"Close Won","value1":146,"value2":147}
{"accountId":"897654fe-3588-4355-9b73-de264d0c7a60","industry":"JQvMVygY42","lastUpdatedDate":"2022-11-25","locale":"GBP","opportunityId":"161","opportunityName":"opportunity_161","paymentFrequency":"Annually","product1":"Outbound patient message","product2":"Inbound patient message","state1":"Close Won","state2":"Close Won","value1":123,"value2":145}
