{"accountId":"fed6b838-0148-4681-8040-6924829d8671","industry":"WBzMKUP8Fz","lastUpdatedDate":"2022-01-11","locale":"GBP","opportunityId":"48","opportunityName":"opportunity_48","paymentFrequency":"Annually","product1":"Outbound patient message","product2":"Inbound patient message","state1":"Close Won","state2":"","value1":114,"value2":142}
{"accountId":"39ce7140-05f9-461b-8793-6315d89110ce","industry":"w7CatCDuam","lastUpdatedDate":"2022-01-11","locale":"GBP","opportunityId":"81","opportunityName":"opportunity_81","paymentFrequency":"Annually","product1":"Outbound patient message","product2":"Inbound patient message","state1":"Close Won","state2":"Close Won","value1":107,"value2":81}
{"accountId":"1ed10981-95c9-41e4-8f6c-3f44b921ed5e","industry":"wLPnojO6ii","lastUpdatedDate":"2022-01-11","locale":"GBP","opportunityId":"42","opportunityName":"opportunity_42","paymentFrequency":"Quarterly","product1":"Outbound patient message","product2":"Inbound patient message","state1":"Close Won","state2":"Close Won","value1":148,"value2":101}
{"accountId":"ce41e35d-7c31-4dc0-819c-001edb7f5c4c","industry":"7Lxj4ZRjAe","lastUpdatedDate":"2022-01-11","locale":"GBP","opportunityId":"87","opportunityName":"opportunity_87","paymentFrequency":"Monthly","product1":"Outbound patient message","product2":"Inbound patient message","state1":"Close Won","state2":"Close Won","value1":70,"value2":122}
{"accountId":"0e3cb943-907a-413e-967d-aed8f479ca04","industry":"Ddm5Ek8pg5","lastUpdatedDate":"2022-01-11","locale":"GBP","opportunityId":"33","opportunityName":"opportunity_33","paymentFrequency":"Annually","product1":"Outbound patient message","product2":"Inbound patient message","state1":"Close Won","state2":"Close Won","value1":56,"value2":55}
{"accountId":"5021d6e9-f1b4-41ea-8eff-86030071a5b1","industry":"c7tdC3H8ob","lastUpdatedDate":"2022-01-11","locale":"GBP","opportunityId":"40","opportunityName":"opportunity_40","paymentFrequency":"Quarterly","product1":"Outbound patient message","product2":"Inbound patient message","state1":"Close Won","state2":"","value1":56,"value2":79}
{"accountId":"85becbb2-f093-4594-92f1-485c08b783cf","industry":"ToBgZUsL9P","lastUpdatedDate":"2022-01-11","locale":"GBP","opportunityId":"89","opportunityName":"opportunity_89","paymentFrequency":"Monthly","product1":"Outbound patient message","product2":"Inbound patient message","state1":"Close Won","state2":"Lost","value1":121,"value2":72}
{"accountId":"9a4677a2-2a43-4f15-b297-71297c76c5f0","industry":"oLKElvYNMb","lastUpdatedDate":"2022-01-11","locale":"GBP","opportunityId":"55","opportunityName":"opportunity_55","paymentFrequency":"Annually","product1":"Outbound patient message","product2":"Inbound patient message","state1":"Close Won","state2":"Lost","value1":132,"value2":122}
{"accountId":"ec0175af-03c6-4f65-8e17-2e3c2e00dab7","industry":"pmZrhjt2j5","lastUpdatedDate":"2022-01-11","locale":"GBP","opportunityId":"23","opportunityName":"opportunity_23","paymentFrequency":"Monthly","product1":"Outbound patient message","product2":"Inbound patient message","state1":"Close Won","state2":"Lost","value1":108,"value2":109}
{"accountId":"bd434a97-25c5-4688-99ef-952f30928017","industry":"sd2IFdlKBz","lastUpdatedDate":"2022-01-11","locale":"GBP","opportunityId":"2","opportunityName":"opportunity_2","paymentFrequency":"Monthly","product1":"Outbound patient message","product2":"Inbound patient message","state1":"Close Won","state2":"Close Won","value1":57,"value2":65}
{"accountId":"aa3de5cb-466a-4c1e-9b6f-1b81381bad75","industry":"35msD2rvNV","lastUpdatedDate":"2022-01-11","locale":"GBP","opportunityId":"90","opportunityName":"opportunity_90","paymentFrequency":"Annually","product1":"Outbound patient message","product2":"Inbound patient message","state1":"Close Won","state2":"Close Won","value1":90,"value2":64}
{"accountId":"ce90971c-c3b9-4989-98b5-301930d744ea","industry":"2cU0cwuPDl","lastUpdatedDate":"2022-01-11","locale":"GBP","opportunityId":"10","opportunityName":"opportunity_10","paymentFrequency":"Monthly","product1":"Outbound patient message","product2":"Inbound patient message","state1":"Close Won","state2":"Close Won","value1":99,"value2":122}
{"accountId":"c082f3e6-dce8-42de-99d8-ef0bb01e728f","industry":"DjjHmxgo6g","lastUpdatedDate":"2022-01-11","locale":"GBP","opportunityId":"18","opportunityName":"opportunity_18","paymentFrequency":"Quarterly","product1":"Outbound patient message","product2":"Inbound patient message","state1":"Close Won","state2":"Close Won","value1":101,"value2":68}
{"accountId":"52b62d9d-8ecf-4baf-b6d9-ef122995abd0","industry":"f04ORvSWHX","lastUpdatedDate":"2022-01-11","locale":"GBP","opportunityId":"61","opportunityName":"opportunity_61","paymentFrequency":"Annually","product1":"Outbound patient message","product2":"Inbound patient message","state1":"Lost","state2":"Close Won","value1":96,"value2":105}
{"accountId":"373b3e64-5df7-4418-b341-af7a6593ec3b","industry":"1P7kVEl82P","lastUpdatedDate":"2022-01-11","locale":"GBP","opportunityId":"86","opportunityName":"opportunity_86","paymentFrequency":"Annually","product1":"Outbound patient message","product2":"Inbound patient message","state1":"Lost","state2":"Close Won","value1":55,"value2":137}
{"accountId":"8966f148-1522-4a73-a813-97c52554fc64","industry":"jjwbn2QzUf","lastUpdatedDate":"2022-01-11","locale":"GBP","opportunityId":"63","opportunityName":"opportunity_63","paymentFrequency":"Quarterly","product1":"Outbound patient message","product2":"Inbound patient message","state1":"Close Won","state2":"Lost","value1":57,"value2":103}
{"accountId":"3727471e-47de-477e-bdeb-2539be7012e2","industry":"JA7Nk3rCiF","lastUpdatedDate":"2022-01-11","locale":"GBP","opportunityId":"98","opportunityName":"opportunity_98","paymentFrequency":"Monthly","product1":"Outbound patient message","product2":"Inbound patient message","state1":"Close Won","state2":"Lost","value1":52,"value2":59}
{"accountId":"68275770-f794-40d1-8eec-e6a9dea661de","industry":"nZmdT9CvAy","lastUpdatedDate":"2022-01-11","locale":"GBP","opportunityId":"36","opportunityName":"opportunity_36","paymentFrequency":"Quarterly","product1":"Outbound patient message","product2":"Inbound patient message","state1":"Close Won","state2":"Lost","value1":115,"value2":75}
{"accountId":"e74d27b1-6acd-411a-80de-ee4186abf111","industry":"xiZp369EWL","lastUpdatedDate":"2022-01-11","locale":"GBP","opportunityId":"60","opportunityName":"opportunity_60","paymentFrequency":"Quarterly","product1":"Outbound patient message","product2":"Inbound patient message","state1":"Close Won","state2":"Lost","value1":127,"value2":112}
{"accountId":"e1710833-00ba-4d87-aed4-74bc2ea199f7","industry":"cnDjx5S1TZ","lastUpdatedDate":"2022-01-11","locale":"GBP","opportunityId":"92","opportunityName":"opportunity_92","paymentFrequency":"Quarterly","product1":"Outbound patient message","product2":"Inbound patient message","state1":"Close Won","state2":"Lost","value1":76,"value2":73}
{"accountId":"79e57a12-4b82-4744-aa55-acfed53f5847","industry":"nH9b83WBmD","lastUpdatedDate":"2022-01-11","locale":"GBP","opportunityId":"5","opportunityName":"opportunity_5","paymentFrequency":"Quarterly","product1":"Outbound patient message","product2":"Inbound patient message","state1":"Close Won","state2":"Lost","value1":86,"value2":109}
{"accountId":"91be6efb-3a7a-413e-a3fc-4f8008db93e6","industry":"kMamYV7r6V","lastUpdatedDate":"2022-01-11","locale":"GBP","opportunityId":"96","opportunityName":"opportunity_96","paymentFrequency":"Annually","product1":"Outbound patient message","product2":"Inbound patient message","state1":"Close Won","state2":"Lost","value1":75,"value2":88}
{"accountId":"ef23faf2-6c4e-4d73-a5ad-1cb3cef91a65","industry":"4t609pGmhK","lastUpdatedDate":"2022-01-11","locale":"GBP","opportunityId":"16","opportunityName":"opportunity_16","paymentFrequency":"Annually","product1":"Outbound patient message","product2":"Inbound patient message","state1":"Lost","state2":"Close Won","value1":81,"value2":135}
{"accountId":"d64ccb08-68d6-4b3d-aeb5-5d1ea3224496","industry":"xWiukiroxt","lastUpdatedDate":"2022-01-11","locale":"GBP","opportunityId":"85","opportunityName":"opportunity_85","paymentFrequency":"Monthly","product1":"Outbound patient message","product2":"Inbound patient message","state1":"Close Won","state2":"Close Won","value1":103,"value2":51}
{"accountId":"1cab8b98-3774-475d-a40e-9304ccbee2bb","industry":"zwJl0tZIE6","lastUpdatedDate":"2022-01-11","locale":"GBP","opportunityId":"13","opportunityName":"opportunity_13","paymentFrequency":"Quarterly","product1":"Outbound patient message","product2":"Inbound patient message","state1":"Close Won","state2":"Close Won","value1":129,"value2":84}
{"accountId":"741eb3dc-1c38-4548-a5ad-5a0c8a1861cd","industry":"dwPWdab1bz","lastUpdatedDate":"2022-01-11","locale":"GBP","opportunityId":"19","opportunityName":"opportunity_19","paymentFrequency":"Quarterly","product1":"Outbound patient message","product2":"Inbound patient message","state1":"Close Won","state2":"Close Won","value1":146,"value2":136}
