{"accountId":"0749da41-165d-4ece-8a9e-af78bf231743","industry":"joyrO6P2ld","lastUpdatedDate":"2022-09-18","locale":"GBP","opportunityId":"221","opportunityName":"opportunity_221","paymentFrequency":"Quarterly","product1":"Outbound patient message","product2":"Inbound patient message","state1":"Lost","state2":"Close Won","value1":72,"value2":144}
{"accountId":"4f7b6c83-81c4-4cae-99d5-7c378d3b3a3e","industry":"hAYu4KkISM","lastUpdatedDate":"2022-09-18","locale":"GBP","opportunityId":"220","opportunityName":"opportunity_220","paymentFrequency":"Annually","product1":"Outbound patient message","product2":"Inbound patient message","state1":"Close Won","state2":"Close Won","value1":144,"value2":79}
{"accountId":"e74d27b1-6acd-411a-80de-ee4186abf111","industry":"xiZp369EWL","lastUpdatedDate":"2022-09-18","locale":"GBP","opportunityId":"265","opportunityName":"opportunity_265","paymentFrequency":"Quarterly","product1":"Outbound patient message","product2":"Inbound patient message","state1":"Close Won","state2":"Close Won","value1":123,"value2":72}
{"accountId":"5021d6e9-f1b4-41ea-8eff-86030071a5b1","industry":"c7tdC3H8ob","lastUpdatedDate":"2022-09-18","locale":"GBP","opportunityId":"256","opportunityName":"opportunity_256","paymentFrequency":"Quarterly","product1":"Outbound patient message","product2":"Inbound patient message","state1":"Lost","state2":"Close Won","value1":109,"value2":114}
{"accountId":"cbadc59c-c1b7-42d7-a899-ec33e7b963f9","industry":"9gqMhJ25jh","lastUpdatedDate":"2022-09-18","locale":"GBP","opportunityId":"227","opportunityName":"opportunity_227","paymentFrequency":"Quarterly","product1":"Outbound patient message","product2":"Inbound patient message","state1":"Close Won","state2":"Close Won","value1":136,"value2":118}
{"accountId":"92288e8b-1e97-4af6-afcd-8c706312b7e4","industry":"CFsXbZQ92P","lastUpdatedDate":"2022-09-18","locale":"GBP","opportunityId":"153","opportunityName":"opportunity_153","paymentFrequency":"Monthly","product1":"Outbound patient message","product2":"Inbound patient message","state1":"Lost","state2":"Close Won","value1":147,"value2":65}
{"accountId":"1cab8b98-3774-475d-a40e-9304ccbee2bb","industry":"zwJl0tZIE6","lastUpdatedDate":"2022-09-18","locale":"GBP","opportunityId":"112","opportunityName":"opportunity_112","paymentFrequency":"Quarterly","product1":"Outbound patient message","product2":"Inbound patient message","state1":"Lost","state2":"Lost","value1":129,"value2":130}
{"accountId":"68275770-f794-40d1-8eec-e6a9dea661de","industry":"nZmdT9CvAy","lastUpdatedDate":"2022-09-18","locale":"GBP","opportunityId":"208","opportunityName":"opportunity_208","paymentFrequency":"Quarterly","product1":"Outbound patient message","product2":"Inbound patient message","state1":"Close Won","state2":"Close Won","value1":97,"value2":88}
{"accountId":"c082f3e6-dce8-42de-99d8-ef0bb01e728f","industry":"DjjHmxgo6g","lastUpdatedDate":"2022-09-18","locale":"GBP","opportunityId":"117","opportunityName":"opportunity_117","paymentFrequency":"Quarterly","product1":"Outbound patient message","product2":"Inbound patient message","state1":"Close Won","state2":"Close Won","value1":91,"value2":85}
{"accountId":"a13aa975-69f4-43c2-925e-8d35c20b2b51","industry":"klxuLsalQQ","lastUpdatedDate":"2022-09-18","locale":"GBP","opportunityId":"206","opportunityName":"opportunity_206","paymentFrequency":"Annually","product1":"Outbound patient message","product2":"Inbound patient message","state1":"Close Won","state2":"Close Won","value1":125,"value2":50}
{"accountId":"bd434a97-25c5-4688-99ef-952f30928017","industry":"sd2IFdlKBz","lastUpdatedDate":"2022-09-18","locale":"GBP","opportunityId":"225","opportunityName":"opportunity_225","paymentFrequency":"Monthly","product1":"Outbound patient message","product2":"Inbound patient message","state1":"Close Won","state2":"Close Won","value1":104,"value2":142}
{"accountId":"69e2fdbc-18a8-47be-83c9-a568b900d484","industry":"lEHENEerDP","lastUpdatedDate":"2022-09-18","locale":"GBP","opportunityId":"235","opportunityName":"opportunity_235","paymentFrequency":"Quarterly","product1":"Outbound patient message","product2":"Inbound patient message","state1":"Close Won","state2":"Close Won","value1":61,"value2":61}
{"accountId":"39ce7140-05f9-461b-8793-6315d89110ce","industry":"w7CatCDuam","lastUpdatedDate":"2022-09-18","locale":"GBP","opportunityId":"180","opportunityName":"opportunity_180","paymentFrequency":"Annually","product1":"Outbound patient message","product2":"Inbound patient message","state1":"Close Won","state2":"Close Won","value1":114,"value2":53}
{"accountId":"40792985-b238-4808-8f03-4ccd3fe6fb0a","industry":"lAvJuilzRM","lastUpdatedDate":"2022-09-18","locale":"GBP","opportunityId":"131","opportunityName":"opportunity_131","paymentFrequency":"Annually","product1":"Outbound patient message","product2":"Inbound patient message","state1":"Close Won","state2":"Close Won","value1":84,"value2":126}
{"accountId":"546317ea-2cf9-4141-a4d6-a8dcc1edfa09","industry":"NawqhRDigz","lastUpdatedDate":"2022-09-18","locale":"GBP","opportunityId":"238","opportunityName":"opportunity_238","paymentFrequency":"Quarterly","product1":"Outbound patient message","product2":"Inbound patient message","state1":"Close Won","state2":"Close Won","value1":50,"value2":79}
{"accountId":"9c1ea197-fce2-4bb0-a617-aaa18d12c33c","industry":"Iw4HkfVSwj","lastUpdatedDate":"2022-09-18","locale":"GBP","opportunityId":"259","opportunityName":"opportunity_259","paymentFrequency":"Annually","product1":"Outbound patient message","product2":"Inbound patient message","state1":"Close Won","state2":"Close Won","value1":125,"value2":132}
{"accountId":"373b3e64-5df7-4418-b341-af7a6593ec3b","industry":"1P7kVEl82P","lastUpdatedDate":"2022-09-18","locale":"GBP","opportunityId":"185","opportunityName":"opportunity_185","paymentFrequency":"Annually","product1":"Outbound patient message","product2":"Inbound patient message","state1":"Lost","state2":"Close Won","value1":149,"value2":92}
{"accountId":"5f6bdff5-5f69-4a11-9ea4-4a06725b8b5c","industry":"Lo9CtnwfOk","lastUpdatedDate":"2022-09-18","locale":"GBP","opportunityId":"150","opportunityName":"opportunity_150","paymentFrequency":"Annually","product1":"Outbound patient message","product2":"Inbound patient message","state1":"Lost","state2":"Close Won","value1":83,"value2":75}
{"accountId":"453f4b3a-e47d-4603-b58d-ec0eadce60ee","industry":"iNVna7W6NJ","lastUpdatedDate":"2022-09-18","locale":"GBP","opportunityId":"123","opportunityName":"opportunity_123","paymentFrequency":"Annually","product1":"Outbound patient message","product2":"Inbound patient message","state1":"Lost","state2":"Close Won","value1":145,"value2":101}
{"accountId":"85becbb2-f093-4594-92f1-485c08b783cf","industry":"ToBgZUsL9P","lastUpdatedDate":"2022-09-18","locale":"GBP","opportunityId":"232","opportunityName":"opportunity_232","paymentFrequency":"Monthly","product1":"Outbound patient message","product2":"Inbound patient message","state1":"Lost","state2":"Lost","value1":120,"value2":90}
{"accountId":"3726d1ee-f078-4178-94d9-462c8b3a6062","industry":"mTs8MXNV7J","lastUpdatedDate":"2022-09-18","locale":"GBP","opportunityId":"136","opportunityName":"opportunity_136","paymentFrequency":"Annually","product1":"Outbound patient message","product2":"Inbound patient message","state1":"Close Won","state2":"Lost","value1":85,"value2":106}
{"accountId":"583f544a-836a-4244-8912-c4c258f85117","industry":"VS3wo8Sprt","lastUpdatedDate":"2022-09-18","locale":"GBP","opportunityId":"149","opportunityName":"opportunity_149","paymentFrequency":"Monthly","product1":"Outbound patient message","product2":"Inbound patient message","state1":"Close Won","state2":"Lost","value1":89,"value2":89}
{"accountId":"35c2affd-9250-498f-9479-72c9ea796648","industry":"Ms2jcJhh6o","lastUpdatedDate":"2022-09-18","locale":"GBP","opportunityId":"255","opportunityName":"opportunity_255","paymentFrequency":"Annually","product1":"Outbound patient message","product2":"Inbound patient message","state1":"Close Won","state2":"Lost","value1":104,"value2":64}
{"accountId":"9b2b8cb9-5710-4f40-9944-517dbfb29c9c","industry":"iGnPQk3h1P","lastUpdatedDate":"2022-09-18","locale":"GBP","opportunityId":"239","opportunityName":"opportunity_239","paymentFrequency":"Annually","product1":"Outbound patient message","product2":"Inbound patient message","state1":"Lost","state2":"Close Won","value1":144,"value2":85}
