{"accountId":"135e924e-b090-41a4-b8ac-8b1e8aa32b3a","industry":"jCK3oRO4z7","lastUpdatedDate":"2022-10-02","locale":"GBP","opportunityId":"216","opportunityName":"opportunity_216","paymentFrequency":"Monthly","product1":"Outbound patient message","product2":"Inbound patient message","state1":"Lost","state2":"Close Won","value1":104,"value2":128}
{"accountId":"453f4b3a-e47d-4603-b58d-ec0eadce60ee","industry":"iNVna7W6NJ","lastUpdatedDate":"2022-10-02","locale":"GBP","opportunityId":"123","opportunityName":"opportunity_123","paymentFrequency":"Annually","product1":"Outbound patient message","product2":"Inbound patient message","state1":"Close Won","state2":"Close Won","value1":101,"value2":93}
{"accountId":"e96bd483-4c90-4e7a-aece-d4022778bd14","industry":"NlHxtrfBCH","lastUpdatedDate":"2022-10-02","locale":"GBP","opportunityId":"151","opportunityName":"opportunity_151","paymentFrequency":"Monthly","product1":"Outbound patient message","product2":"Inbound patient message","state1":"Close Won","state2":"Close Won","value1":56,"value2":59}
{"accountId":"91be6efb-3a7a-413e-a3fc-4f8008db93e6","industry":"kMamYV7r6V","lastUpdatedDate":"2022-10-02","locale":"GBP","opportunityId":"254","opportunityName":"opportunity_254","paymentFrequency":"Annually","product1":"Outbound patient message","product2":"Inbound patient message","state1":"Lost","state2":"Close Won","value1":146,"value2":102}
{"accountId":"3726d1ee-f078-4178-94d9-462c8b3a6062","industry":"mTs8MXNV7J","lastUpdatedDate":"2022-10-02","locale":"GBP","opportunityId":"201","opportunityName":"opportunity_201","paymentFrequency":"Annually","product1":"Outbound patient message","product2":"Inbound patient message","state1":"Lost","state2":"Close Won","value1":96,"value2":141}
{"accountId":"838afb40-07dd-4711-b4a9-cae177a1aa6d","industry":"VOlrflghs4","lastUpdatedDate":"2022-10-02","locale":"GBP","opportunityId":"130","opportunityName":"opportunity_130","paymentFrequency":"Quarterly","product1":"Outbound patient message","product2":"Inbound patient message","state1":"Lost","state2":"Lost","value1":55,"value2":86}
{"accountId":"9a4677a2-2a43-4f15-b297-71297c76c5f0","industry":"oLKElvYNMb","lastUpdatedDate":"2022-10-02","locale":"GBP","opportunityId":"154","opportunityName":"opportunity_154","paymentFrequency":"Annually","product1":"Outbound patient message","product2":"Inbound patient message","state1":"Close Won","state2":"Close Won","value1":75,"value2":107}
{"accountId":"e1710833-00ba-4d87-aed4-74bc2ea199f7","industry":"cnDjx5S1TZ","lastUpdatedDate":"2022-10-02","locale":"GBP","opportunityId":"191","opportunityName":"opportunity_191","paymentFrequency":"Quarterly","product1":"Outbound patient message","product2":"Inbound patient message","state1":"Close Won","state2":"Close Won","value1":115,"value2":140}
{"accountId":"583f544a-836a-4244-8912-c4c258f85117","industry":"VS3wo8Sprt","lastUpdatedDate":"2022-10-02","locale":"GBP","opportunityId":"248","opportunityName":"opportunity_248","paymentFrequency":"Monthly","product1":"Outbound patient message","product2":"Inbound patient message","state1":"Close Won","state2":"Close Won","value1":112,"value2":140}
{"accountId":"5939af6a-9fe1-477d-9f6c-e18b6ff93253","industry":"kRT4oPsY0A","lastUpdatedDate":"2022-10-02","locale":"GBP","opportunityId":"268","opportunityName":"opportunity_268","paymentFrequency":"Monthly","product1":"Outbound patient message","product2":"Inbound patient message","state1":"Close Won","state2":"Close Won","value1":131,"value2":123}
{"accountId":"4fab59ae-6b03-4d36-91ad-68842d9fce83","industry":"QPU4nO35Zs","lastUpdatedDate":"2022-10-02","locale":"GBP","opportunityId":"129","opportunityName":"opportunity_129","paymentFrequency":"Quarterly","product1":"Outbound patient message","product2":"Inbound patient message","state1":"Lost","state2":"Close Won","value1":73,"value2":144}
{"accountId":"92288e8b-1e97-4af6-afcd-8c706312b7e4","industry":"CFsXbZQ92P","lastUpdatedDate":"2022-10-02","locale":"GBP","opportunityId":"153","opportunityName":"opportunity_153","paymentFrequency":"Monthly","product1":"Outbound patient message","product2":"Inbound patient message","state1":"Close Won","state2":"Close Won","value1":130,"value2":122}
{"accountId":"38f11446-3b22-4640-865f-e2b66e8abd3b","industry":"vYIcUNlA9R","lastUpdatedDate":"2022-10-02","locale":"GBP","opportunityId":"244","opportunityName":"opportunity_244","paymentFrequency":"Quarterly","product1":"Outbound patient message","product2":"Inbound patient message","state1":"Close Won","state2":"Close Won","value1":55,"value2":56}
{"accountId":"fbbb6227-556f-4a77-8c35-88f41006db11","industry":"Mkf48WVyIB","lastUpdatedDate":"2022-10-02","locale":"GBP","opportunityId":"172","opportunityName":"opportunity_172","paymentFrequency":"Monthly","product1":"Outbound patient message","product2":"Inbound patient message","state1":"Close Won","state2":"Close Won","value1":89,"value2":128}
{"accountId":"4f7b6c83-81c4-4cae-99d5-7c378d3b3a3e","industry":"hAYu4KkISM","lastUpdatedDate":"2022-10-02","locale":"GBP","opportunityId":"220","opportunityName":"opportunity_220","paymentFrequency":"Annually","product1":"Outbound patient message","product2":"Inbound patient message","state1":"Close Won","state2":"Close Won","value1":113,"value2":144}
{"accountId":"8831a558-1bd3-4922-8b50-6ead00901d8f","industry":"hRKh9k3SqQ","lastUpdatedDate":"2022-10-02","locale":"GBP","opportunityId":"107","opportunityName":"opportunity_107","paymentFrequency":"Annually","product1":"Outbound patient message","product2":"Inbound patient message","state1":"Close Won","state2":"Close Won","value1":75,"value2":101}
{"accountId":"bd434a97-25c5-4688-99ef-952f30928017","industry":"sd2IFdlKBz","lastUpdatedDate":"2022-10-02","locale":"GBP","opportunityId":"225","opportunityName":"opportunity_225","paymentFrequency":"Monthly","product1":"Outbound patient message","product2":"Inbound patient message","state1":"Close Won","state2":"Close Won","value1":101,"value2":103}
{"accountId":"bbf550ee-b719-4dca-b364-0cf2659cc154","industry":"qwEyD9fuaa","lastUpdatedDate":"2022-10-02","locale":"GBP","opportunityId":"145","opportunityName":"opportunity_145","paymentFrequency":"Monthly","product1":"Outbound patient message","product2":"Inbound patient message","state1":"Close Won","state2":"Close Won","value1":52,"value2":78}
{"accountId":"e74d27b1-6acd-411a-80de-ee4186abf111","industry":"xiZp369EWL","lastUpdatedDate":"2022-10-02","locale":"GBP","opportunityId":"265","opportunityName":"opportunity_265","paymentFrequency":"Quarterly","product1":"Outbound patient message","product2":"Inbound patient message","state1":"Lost","state2":"Close Won","value1":100,"value2":66}
{"accountId":"997f5344-da76-4bf2-a579-c9b7aa69f53a","industry":"74MKFJJb0g","lastUpdatedDate":"2022-10-02","locale":"GBP","opportunityId":"126","opportunityName":"opportunity_126","paymentFrequency":"Monthly","product1":"Outbound patient message","product2":"Inbound patient message","state1":"Lost","state2":"Close Won","value1":92,"value2":90}
{"accountId":"8966f148-1522-4a73-a813-97c52554fc64","industry":"jjwbn2QzUf","lastUpdatedDate":"2022-10-02","locale":"GBP","opportunityId":"224","opportunityName":"opportunity_224","paymentFrequency":"Quarterly","product1":"Outbound patient message","product2":"Inbound patient message","state1":"Lost","state2":"Close Won","value1":132,"value2":58}
{"accountId":"320d3e1c-322c-4336-bad1-1b09e69d965e","industry":"W9mvGVjz1H","lastUpdatedDate":"2022-10-02","locale":"GBP","opportunityId":"144","opportunityName":"opportunity_144","paymentFrequency":"Monthly","product1":"Outbound patient message","product2":"Inbound patient message","state1":"Lost","state2":"Close Won","value1":50,"value2":55}
{"accountId":"a13aa975-69f4-43c2-925e-8d35c20b2b51","industry":"klxuLsalQQ","lastUpdatedDate":"2022-10-02","locale":"GBP","opportunityId":"206","opportunityName":"opportunity_206","paymentFrequency":"Annually","product1":"Outbound patient message","product2":"Inbound patient message","state1":"Lost","state2":"Close Won","value1":129,"value2":84}
{"accountId":"52b62d9d-8ecf-4baf-b6d9-ef122995abd0","industry":"f04ORvSWHX","lastUpdatedDate":"2022-10-02","locale":"GBP","opportunityId":"258","opportunityName":"opportunity_258","paymentFrequency":"Annually","product1":"Outbound patient message","product2":"Inbound patient message","state1":"Close Won","state2":"Lost","value1":54,"value2":85}
{"accountId":"d64ccb08-68d6-4b3d-aeb5-5d1ea3224496","industry":"xWiukiroxt","lastUpdatedDate":"2022-10-02","locale":"GBP","opportunityId":"262","opportunityName":"opportunity_262","paymentFrequency":"Monthly","product1":"Outbound patient message","product2":"Inbound patient message","state1":"Lost","state2":"Lost","value1":113,"value2":132}
{"accountId":"2bc555c5-034c-498d-acc0-baf0d3e4418e","industry":"IMCzdfj8mX","lastUpdatedDate":"2022-10-02","locale":"GBP","opportunityId":"105","opportunityName":"opportunity_105","paymentFrequency":"Quarterly","product1":"Outbound patient message","product2":"Inbound patient message","state1":"Close Won","state2":"Lost","value1":86,"value2":73}
{"accountId":"546317ea-2cf9-4141-a4d6-a8dcc1edfa09","industry":"NawqhRDigz","lastUpdatedDate":"2022-10-02","locale":"GBP","opportunityId":"238","opportunityName":"opportunity_238","paymentFrequency":"Quarterly","product1":"Outbound patient message","product2":"Inbound patient message","state1":"Close Won","state2":"Lost","value1":110,"value2":91}
{"accountId":"3a5d243f-7c8d-40ec-af3d-571767304e52","industry":"CX59G7lviB","lastUpdatedDate":"2022-10-02","locale":"GBP","opportunityId":"212","opportunityName":"opportunity_212","paymentFrequency":"Annually","product1":"Outbound patient message","product2":"Inbound patient message","state1":"Lost","state2":"Close Won","value1":108,"value2":132}
{"accountId":"3388d167-f5d6-4715-992f-e7aeb9dc0a77","industry":"GFNTBlpcts","lastUpdatedDate":"2022-10-02","locale":"GBP","opportunityId":"193","opportunityName":"opportunity_193","paymentFrequency":"Monthly","product1":"Outbound patient message","product2":"Inbound patient message","state1":"Close Won","state2":"Close Won","value1":59,"value2":105}
