{"accountId":"aa3de5cb-466a-4c1e-9b6f-1b81381bad75","industry":"35msD2rvNV","lastUpdatedDate":"2021-10-25","locale":"GBP","opportunityId":"90","opportunityName":"opportunity_90","paymentFrequency":"Annually","product1":"Outbound patient message","product2":"Inbound patient message","state1":"Lost","state2":"Close Won","value1":118,"value2":80}
{"accountId":"52b62d9d-8ecf-4baf-b6d9-ef122995abd0","industry":"f04ORvSWHX","lastUpdatedDate":"2021-10-25","locale":"GBP","opportunityId":"61","opportunityName":"opportunity_61","paymentFrequency":"Annually","product1":"Outbound patient message","product2":"Inbound patient message","state1":"Close Won","state2":"Lost","value1":140,"value2":53}
{"accountId":"5939af6a-9fe1-477d-9f6c-e18b6ff93253","industry":"kRT4oPsY0A","lastUpdatedDate":"2021-10-25","locale":"GBP","opportunityId":"21","opportunityName":"opportunity_21","paymentFrequency":"Monthly","product1":"Outbound patient message","product2":"Inbound patient message","state1":"Lost","state2":"Close Won","value1":141,"value2":116}
{"accountId":"ef23faf2-6c4e-4d73-a5ad-1cb3cef91a65","industry":"4t609pGmhK","lastUpdatedDate":"2021-10-25","locale":"GBP","opportunityId":"16","opportunityName":"opportunity_16","paymentFrequency":"Annually","product1":"Outbound patient message","product2":"Inbound patient message","state1":"Close Won","state2":"Close Won","value1":50,"value2":71}
{"accountId":"5759ede0-3344-45af-b240-76761e7a80cf","industry":"4Rw1ZTRkhO","lastUpdatedDate":"2021-10-25","locale":"GBP","opportunityId":"39","opportunityName":"opportunity_39","paymentFrequency":"Quarterly","product1":"Outbound patient message","product2":"Inbound patient message","state1":"Close Won","state2":"Close Won","value1":144,"value2":50}
{"accountId":"dd624ba0-66b1-44fb-b1a6-d7689c048377","industry":"AIF5FfEnrm","lastUpdatedDate":"2021-10-25","locale":"GBP","opportunityId":"74","opportunityName":"opportunity_74","paymentFrequency":"Quarterly","product1":"Outbound patient message","product2":"Inbound patient message","state1":"Close Won","state2":"Close Won","value1":77,"value2":86}
{"accountId":"171d317d-b4be-4317-be1f-ec39367e61d6","industry":"TdCHNJwJQd","lastUpdatedDate":"2021-10-25","locale":"GBP","opportunityId":"22","opportunityName":"opportunity_22","paymentFrequency":"Quarterly","product1":"Outbound patient message","product2":"Inbound patient message","state1":"Close Won","state2":"Close Won","value1":105,"value2":52}
