{"accountId":"997f5344-da76-4bf2-a579-c9b7aa69f53a","industry":"74MKFJJb0g","lastUpdatedDate":"2022-08-30","locale":"GBP","opportunityId":"126","opportunityName":"opportunity_126","paymentFrequency":"Monthly","product1":"Outbound patient message","product2":"Inbound patient message","state1":"Close Won","state2":"Close Won","value1":77,"value2":60}
{"accountId":"320877c9-5958-469e-89dd-2b78e1f579f8","industry":"cS5uFuf6pw","lastUpdatedDate":"2022-08-30","locale":"GBP","opportunityId":"240","opportunityName":"opportunity_240","paymentFrequency":"Monthly","product1":"Outbound patient message","product2":"Inbound patient message","state1":"Close Won","state2":"Lost","value1":142,"value2":144}
{"accountId":"5939af6a-9fe1-477d-9f6c-e18b6ff93253","industry":"kRT4oPsY0A","lastUpdatedDate":"2022-08-30","locale":"GBP","opportunityId":"268","opportunityName":"opportunity_268","paymentFrequency":"Monthly","product1":"Outbound patient message","product2":"Inbound patient message","state1":"Close Won","state2":"Close Won","value1":110,"value2":88}
{"accountId":"ef23faf2-6c4e-4d73-a5ad-1cb3cef91a65","industry":"4t609pGmhK","lastUpdatedDate":"2022-08-30","locale":"GBP","opportunityId":"210","opportunityName":"opportunity_210","paymentFrequency":"Annually","product1":"Outbound patient message","product2":"Inbound patient message","state1":"Lost","state2":"Lost","value1":141,"value2":79}
{"accountId":"aa3de5cb-466a-4c1e-9b6f-1b81381bad75","industry":"35msD2rvNV","lastUpdatedDate":"2022-08-30","locale":"GBP","opportunityId":"237","opportunityName":"opportunity_237","paymentFrequency":"Annually","product1":"Outbound patient message","product2":"Inbound patient message","state1":"Lost","state2":"Lost","value1":115,"value2":69}
{"accountId":"4f7b6c83-81c4-4cae-99d5-7c378d3b3a3e","industry":"hAYu4KkISM","lastUpdatedDate":"2022-08-30","locale":"GBP","opportunityId":"220","opportunityName":"opportunity_220","paymentFrequency":"Annually","product1":"Outbound patient message","product2":"Inbound patient message","state1":"Close Won","state2":"Close Won","value1":102,"value2":58}
{"accountId":"0749da41-165d-4ece-8a9e-af78bf231743","industry":"joyrO6P2ld","lastUpdatedDate":"2022-08-30","locale":"GBP","opportunityId":"140","opportunityName":"opportunity_140","paymentFrequency":"Quarterly","product1":"Outbound patient message","product2":"Inbound patient message","state1":"Lost","state2":"Close Won","value1":143,"value2":93}
{"accountId":"fbbb6227-556f-4a77-8c35-88f41006db11","industry":"Mkf48WVyIB","lastUpdatedDate":"2022-08-30","locale":"GBP","opportunityId":"172","opportunityName":"opportunity_172","paymentFrequency":"Monthly","product1":"Outbound patient message","product2":"Inbound patient message","state1":"Lost","state2":"Close Won","value1":80,"value2":114}
{"accountId":"dd624ba0-66b1-44fb-b1a6-d7689c048377","industry":"AIF5FfEnrm","lastUpdatedDate":"2022-08-30","locale":"GBP","opportunityId":"266","opportunityName":"opportunity_266","paymentFrequency":"Quarterly","product1":"Outbound patient message","product2":"Inbound patient message","state1":"Close Won","state2":"Lost","value1":102,"value2":93}
{"accountId":"5021d6e9-f1b4-41ea-8eff-86030071a5b1","industry":"c7tdC3H8ob","lastUpdatedDate":"2022-08-30","locale":"GBP","opportunityId":"256","opportunityName":"opportunity_256","paymentFrequency":"Quarterly","product1":"Outbound patient message","product2":"Inbound patient message","state1":"Close Won","state2":"Lost","value1":83,"value2":86}
{"accountId":"e3158c80-0658-4cbf-8770-8e64b457fa10","industry":"GEhgdPsPq0","lastUpdatedDate":"2022-08-30","locale":"GBP","opportunityId":"175","opportunityName":"opportunity_175","paymentFrequency":"Quarterly","product1":"Outbound patient message","product2":"Inbound patient message","state1":"Close Won","state2":"Close Won","value1":135,"value2":83}
{"accountId":"171d317d-b4be-4317-be1f-ec39367e61d6","industry":"TdCHNJwJQd","lastUpdatedDate":"2022-08-30","locale":"GBP","opportunityId":"213","opportunityName":"opportunity_213","paymentFrequency":"Quarterly","product1":"Outbound patient message","product2":"Inbound patient message","state1":"Close Won","state2":"Close Won","value1":97,"value2":84}
{"accountId":"52b62d9d-8ecf-4baf-b6d9-ef122995abd0","industry":"f04ORvSWHX","lastUpdatedDate":"2022-08-30","locale":"GBP","opportunityId":"258","opportunityName":"opportunity_258","paymentFrequency":"Annually","product1":"Outbound patient message","product2":"Inbound patient message","state1":"Lost","state2":"Close Won","value1":101,"value2":93}
{"accountId":"54b2a54e-f39a-4762-8791-59cbbd571e01","industry":"94srBLSLR1","lastUpdatedDate":"2022-08-30","locale":"GBP","opportunityId":"179","opportunityName":"opportunity_179","paymentFrequency":"Monthly","product1":"Outbound patient message","product2":"Inbound patient message","state1":"Lost","state2":"Close Won","value1":89,"value2":79}
{"accountId":"f80b949f-a775-4e5b-9463-c484d2d8e423","industry":"7iBrmp62wl","lastUpdatedDate":"2022-08-30","locale":"GBP","opportunityId":"236","opportunityName":"opportunity_236","paymentFrequency":"Quarterly","product1":"Outbound patient message","product2":"Inbound patient message","state1":"Lost","state2":"Close Won","value1":142,"value2":140}
{"accountId":"e74d27b1-6acd-411a-80de-ee4186abf111","industry":"xiZp369EWL","lastUpdatedDate":"2022-08-30","locale":"GBP","opportunityId":"265","opportunityName":"opportunity_265","paymentFrequency":"Quarterly","product1":"Outbound patient message","product2":"Inbound patient message","state1":"Close Won","state2":"","value1":136,"value2":57}
{"accountId":"897654fe-3588-4355-9b73-de264d0c7a60","industry":"JQvMVygY42","lastUpdatedDate":"2022-08-30","locale":"GBP","opportunityId":"161","opportunityName":"opportunity_161","paymentFrequency":"Annually","product1":"Outbound patient message","product2":"Inbound patient message","state1":"Close Won","state2":"Lost","value1":57,"value2":136}
{"accountId":"aaed25b2-62d4-4522-ac30-542e242f5c55","industry":"B71F07zsZh","lastUpdatedDate":"2022-08-30","locale":"GBP","opportunityId":"202","opportunityName":"opportunity_202","paymentFrequency":"Quarterly","product1":"Outbound patient message","product2":"Inbound patient message","state1":"Close Won","state2":"Lost","value1":126,"value2":120}
{"accountId":"135e924e-b090-41a4-b8ac-8b1e8aa32b3a","industry":"jCK3oRO4z7","lastUpdatedDate":"2022-08-30","locale":"GBP","opportunityId":"216","opportunityName":"opportunity_216","paymentFrequency":"Monthly","product1":"Outbound patient message","product2":"Inbound patient message","state1":"Lost","state2":"Lost","value1":94,"value2":58}
{"accountId":"37a846db-767c-46a8-9500-93c9ca667381","industry":"vKh5UT98rV","lastUpdatedDate":"2022-08-30","locale":"GBP","opportunityId":"234","opportunityName":"opportunity_234","paymentFrequency":"Quarterly","product1":"Outbound patient message","product2":"Inbound patient message","state1":"Lost","state2":"Lost","value1":66,"value2":93}
{"accountId":"4fab59ae-6b03-4d36-91ad-68842d9fce83","industry":"QPU4nO35Zs","lastUpdatedDate":"2022-08-30","locale":"GBP","opportunityId":"129","opportunityName":"opportunity_129","paymentFrequency":"Quarterly","product1":"Outbound patient message","product2":"Inbound patient message","state1":"Close Won","state2":"Lost","value1":76,"value2":139}
{"accountId":"8831a558-1bd3-4922-8b50-6ead00901d8f","industry":"hRKh9k3SqQ","lastUpdatedDate":"2022-08-30","locale":"GBP","opportunityId":"107","opportunityName":"opportunity_107","paymentFrequency":"Annually","product1":"Outbound patient message","product2":"Inbound patient message","state1":"Close Won","state2":"Lost","value1":134,"value2":75}
{"accountId":"b23bb8cf-c0e4-4f68-9009-5fd0771bd742","industry":"V6T8n1TxbE","lastUpdatedDate":"2022-08-30","locale":"GBP","opportunityId":"124","opportunityName":"opportunity_124","paymentFrequency":"Annually","product1":"Outbound patient message","product2":"Inbound patient message","state1":"Close Won","state2":"Lost","value1":63,"value2":116}
{"accountId":"3a5d243f-7c8d-40ec-af3d-571767304e52","industry":"CX59G7lviB","lastUpdatedDate":"2022-08-30","locale":"GBP","opportunityId":"127","opportunityName":"opportunity_127","paymentFrequency":"Annually","product1":"Outbound patient message","product2":"Inbound patient message","state1":"Close Won","state2":"Close Won","value1":98,"value2":106}
{"accountId":"00effb03-ebfd-443d-a08e-588421347c65","industry":"W1L9Q8NmSX","lastUpdatedDate":"2022-08-30","locale":"GBP","opportunityId":"233","opportunityName":"opportunity_233","paymentFrequency":"Annually","product1":"Outbound patient message","product2":"Inbound patient message","state1":"Close Won","state2":"Close Won","value1":111,"value2":71}
