{"accountId":"8ed14ef5-23b7-40df-82ec-e93500dda600","industry":"6dpzZ7FI8G","lastUpdatedDate":"2021-12-20","locale":"GBP","opportunityId":"99","opportunityName":"opportunity_99","paymentFrequency":"Monthly","product1":"Outbound patient message","product2":"Inbound patient message","state1":"Lost","state2":"Close Won","value1":100,"value2":95}
{"accountId":"00effb03-ebfd-443d-a08e-588421347c65","industry":"W1L9Q8NmSX","lastUpdatedDate":"2021-12-20","locale":"GBP","opportunityId":"29","opportunityName":"opportunity_29","paymentFrequency":"Annually","product1":"Outbound patient message","product2":"Inbound patient message","state1":"Close Won","state2":"Close Won","value1":92,"value2":98}
{"accountId":"bd434a97-25c5-4688-99ef-952f30928017","industry":"sd2IFdlKBz","lastUpdatedDate":"2021-12-20","locale":"GBP","opportunityId":"2","opportunityName":"opportunity_2","paymentFrequency":"Monthly","product1":"Outbound patient message","product2":"Inbound patient message","state1":"Close Won","state2":"Close Won","value1":55,"value2":93}
{"accountId":"dd624ba0-66b1-44fb-b1a6-d7689c048377","industry":"AIF5FfEnrm","lastUpdatedDate":"2021-12-20","locale":"GBP","opportunityId":"74","opportunityName":"opportunity_74","paymentFrequency":"Quarterly","product1":"Outbound patient message","product2":"Inbound patient message","state1":"Lost","state2":"Close Won","value1":80,"value2":61}
{"accountId":"e3158c80-0658-4cbf-8770-8e64b457fa10","industry":"GEhgdPsPq0","lastUpdatedDate":"2021-12-20","locale":"GBP","opportunityId":"76","opportunityName":"opportunity_76","paymentFrequency":"Quarterly","product1":"Outbound patient message","product2":"Inbound patient message","state1":"Close Won","state2":"Close Won","value1":93,"value2":149}
{"accountId":"741eb3dc-1c38-4548-a5ad-5a0c8a1861cd","industry":"dwPWdab1bz","lastUpdatedDate":"2021-12-20","locale":"GBP","opportunityId":"19","opportunityName":"opportunity_19","paymentFrequency":"Quarterly","product1":"Outbound patient message","product2":"Inbound patient message","state1":"Close Won","state2":"Close Won","value1":91,"value2":98}
{"accountId":"d545968d-093f-41c8-b436-b37a2635778c","industry":"MKTavbWBfX","lastUpdatedDate":"2021-12-20","locale":"GBP","opportunityId":"64","opportunityName":"opportunity_64","paymentFrequency":"Quarterly","product1":"Outbound patient message","product2":"Inbound patient message","state1":"Lost","state2":"Close Won","value1":135,"value2":56}
{"accountId":"85becbb2-f093-4594-92f1-485c08b783cf","industry":"ToBgZUsL9P","lastUpdatedDate":"2021-12-20","locale":"GBP","opportunityId":"89","opportunityName":"opportunity_89","paymentFrequency":"Monthly","product1":"Outbound patient message","product2":"Inbound patient message","state1":"Lost","state2":"Close Won","value1":142,"value2":94}
{"accountId":"aa3de5cb-466a-4c1e-9b6f-1b81381bad75","industry":"35msD2rvNV","lastUpdatedDate":"2021-12-20","locale":"GBP","opportunityId":"90","opportunityName":"opportunity_90","paymentFrequency":"Annually","product1":"Outbound patient message","product2":"Inbound patient message","state1":"Close Won","state2":"Close Won","value1":103,"value2":118}
{"accountId":"3b93afd1-7bc0-41a1-9519-c632a31658db","industry":"yquzaR2X1p","lastUpdatedDate":"2021-12-20","locale":"GBP","opportunityId":"70","opportunityName":"opportunity_70","paymentFrequency":"Quarterly","product1":"Outbound patient message","product2":"Inbound patient message","state1":"Close Won","state2":"Close Won","value1":65,"value2":117}
{"accountId":"aaed25b2-62d4-4522-ac30-542e242f5c55","industry":"B71F07zsZh","lastUpdatedDate":"2021-12-20","locale":"GBP","opportunityId":"68","opportunityName":"opportunity_68","paymentFrequency":"Quarterly","product1":"Outbound patient message","product2":"Inbound patient message","state1":"Close Won","state2":"Close Won","value1":139,"value2":89}
{"accountId":"8af506e5-7ddf-47fb-822e-520d8edd2250","industry":"jOdMUjzHRY","lastUpdatedDate":"2021-12-20","locale":"GBP","opportunityId":"58","opportunityName":"opportunity_58","paymentFrequency":"Quarterly","product1":"Outbound patient message","product2":"Inbound patient message","state1":"Close Won","state2":"Close Won","value1":96,"value2":111}
{"accountId":"38f11446-3b22-4640-865f-e2b66e8abd3b","industry":"vYIcUNlA9R","lastUpdatedDate":"2021-12-20","locale":"GBP","opportunityId":"91","opportunityName":"opportunity_91","paymentFrequency":"Quarterly","product1":"Outbound patient message","product2":"Inbound patient message","state1":"Lost","state2":"Close Won","value1":51,"value2":148}
{"accountId":"3726d1ee-f078-4178-94d9-462c8b3a6062","industry":"mTs8MXNV7J","lastUpdatedDate":"2021-12-20","locale":"GBP","opportunityId":"37","opportunityName":"opportunity_37","paymentFrequency":"Annually","product1":"Outbound patient message","product2":"Inbound patient message","state1":"Lost","state2":"Close Won","value1":134,"value2":65}
{"accountId":"52178677-a05c-4417-83af-9c45934c2fef","industry":"gd56n9xR3K","lastUpdatedDate":"2021-12-20","locale":"GBP","opportunityId":"97","opportunityName":"opportunity_97","paymentFrequency":"Quarterly","product1":"Outbound patient message","product2":"Inbound patient message","state1":"Close Won","state2":"Lost","value1":108,"value2":116}
{"accountId":"675be342-58e8-4bcb-b2c8-325852835000","industry":"90Nr8hVlQc","lastUpdatedDate":"2021-12-20","locale":"GBP","opportunityId":"57","opportunityName":"opportunity_57","paymentFrequency":"Monthly","product1":"Outbound patient message","product2":"Inbound patient message","state1":"Lost","state2":"Lost","value1":74,"value2":57}
{"accountId":"40792985-b238-4808-8f03-4ccd3fe6fb0a","industry":"lAvJuilzRM","lastUpdatedDate":"2021-12-20","locale":"GBP","opportunityId":"32","opportunityName":"opportunity_32","paymentFrequency":"Annually","product1":"Outbound patient message","product2":"Inbound patient message","state1":"Lost","state2":"Close Won","value1":69,"value2":55}
{"accountId":"52b62d9d-8ecf-4baf-b6d9-ef122995abd0","industry":"f04ORvSWHX","lastUpdatedDate":"2021-12-20","locale":"GBP","opportunityId":"61","opportunityName":"opportunity_61","paymentFrequency":"Annually","product1":"Outbound patient message","product2":"Inbound patient message","state1":"Close Won","state2":"Close Won","value1":93,"value2":67}
{"accountId":"320877c9-5958-469e-89dd-2b78e1f579f8","industry":"cS5uFuf6pw","lastUpdatedDate":"2021-12-20","locale":"GBP","opportunityId":"26","opportunityName":"opportunity_26","paymentFrequency":"Monthly","product1":"Outbound patient message","product2":"Inbound patient message","state1":"Close Won","state2":"Close Won","value1":100,"value2":125}
{"accountId":"1cbfbfb1-c4a5-4b97-9ada-8af07c9e435a","industry":"3KojlcNq0W","lastUpdatedDate":"2021-12-20","locale":"GBP","opportunityId":"95","opportunityName":"opportunity_95","paymentFrequency":"Annually","product1":"Outbound patient message","product2":"Inbound patient message","state1":"Close Won","state2":"Close Won","value1":84,"value2":73}
