{"accountId":"ba2b230e-3000-4ffe-b9b2-3a9053a295af","industry":"hLQjQmKaBJ","lastUpdatedDate":"2022-02-22","locale":"GBP","opportunityId":"35","opportunityName":"opportunity_35","paymentFrequency":"Annually","product1":"Outbound patient message","product2":"Inbound patient message","state1":"Lost","state2":"Close Won","value1":62,"value2":115}
{"accountId":"320d3e1c-322c-4336-bad1-1b09e69d965e","industry":"W9mvGVjz1H","lastUpdatedDate":"2022-02-22","locale":"GBP","opportunityId":"45","opportunityName":"opportunity_45","paymentFrequency":"Monthly","product1":"Outbound patient message","product2":"Inbound patient message","state1":"Close Won","state2":"Lost","value1":50,"value2":88}
{"accountId":"1ed10981-95c9-41e4-8f6c-3f44b921ed5e","industry":"wLPnojO6ii","lastUpdatedDate":"2022-02-22","locale":"GBP","opportunityId":"42","opportunityName":"opportunity_42","paymentFrequency":"Quarterly","product1":"Outbound patient message","product2":"Inbound patient message","state1":"Close Won","state2":"Close Won","value1":134,"value2":95}
{"accountId":"fed6b838-0148-4681-8040-6924829d8671","industry":"WBzMKUP8Fz","lastUpdatedDate":"2022-02-22","locale":"GBP","opportunityId":"48","opportunityName":"opportunity_48","paymentFrequency":"Annually","product1":"Outbound patient message","product2":"Inbound patient message","state1":"Lost","state2":"Lost","value1":128,"value2":58}
{"accountId":"1cbfbfb1-c4a5-4b97-9ada-8af07c9e435a","industry":"3KojlcNq0W","lastUpdatedDate":"2022-02-22","locale":"GBP","opportunityId":"95","opportunityName":"opportunity_95","paymentFrequency":"Annually","product1":"Outbound patient message","product2":"Inbound patient message","state1":"Close Won","state2":"Close Won","value1":66,"value2":103}
{"accountId":"8af506e5-7ddf-47fb-822e-520d8edd2250","industry":"jOdMUjzHRY","lastUpdatedDate":"2022-02-22","locale":"GBP","opportunityId":"58","opportunityName":"opportunity_58","paymentFrequency":"Quarterly","product1":"Outbound patient message","product2":"Inbound patient message","state1":"Close Won","state2":"Close Won","value1":66,"value2":119}
{"accountId":"5021d6e9-f1b4-41ea-8eff-86030071a5b1","industry":"c7tdC3H8ob","lastUpdatedDate":"2022-02-22","locale":"GBP","opportunityId":"40","opportunityName":"opportunity_40","paymentFrequency":"Quarterly","product1":"Outbound patient message","product2":"Inbound patient message","state1":"Close Won","state2":"Close Won","value1":66,"value2":101}
{"accountId":"320877c9-5958-469e-89dd-2b78e1f579f8","industry":"cS5uFuf6pw","lastUpdatedDate":"2022-02-22","locale":"GBP","opportunityId":"125","opportunityName":"opportunity_125","paymentFrequency":"Monthly","product1":"Outbound patient message","product2":"Inbound patient message","state1":"Close Won","state2":"Close Won","value1":141,"value2":120}
{"accountId":"52178677-a05c-4417-83af-9c45934c2fef","industry":"gd56n9xR3K","lastUpdatedDate":"2022-02-22","locale":"GBP","opportunityId":"97","opportunityName":"opportunity_97","paymentFrequency":"Quarterly","product1":"Outbound patient message","product2":"Inbound patient message","state1":"Close Won","state2":"Lost","value1":116,"value2":125}
{"accountId":"cbadc59c-c1b7-42d7-a899-ec33e7b963f9","industry":"9gqMhJ25jh","lastUpdatedDate":"2022-02-22","locale":"GBP","opportunityId":"146","opportunityName":"opportunity_146","paymentFrequency":"Quarterly","product1":"Outbound patient message","product2":"Inbound patient message","state1":"Lost","state2":"Lost","value1":142,"value2":136}
{"accountId":"1bed54ca-2319-4d96-b2b9-ca21e34c9974","industry":"7FCMM0E2mG","lastUpdatedDate":"2022-02-22","locale":"GBP","opportunityId":"67","opportunityName":"opportunity_67","paymentFrequency":"Annually","product1":"Outbound patient message","product2":"Inbound patient message","state1":"Close Won","state2":"Close Won","value1":89,"value2":126}
{"accountId":"772510e7-9565-4485-809a-321bc3e92119","industry":"zzMbLPSSXq","lastUpdatedDate":"2022-02-22","locale":"GBP","opportunityId":"83","opportunityName":"opportunity_83","paymentFrequency":"Quarterly","product1":"Outbound patient message","product2":"Inbound patient message","state1":"Close Won","state2":"Close Won","value1":107,"value2":78}
{"accountId":"ec0175af-03c6-4f65-8e17-2e3c2e00dab7","industry":"pmZrhjt2j5","lastUpdatedDate":"2022-02-22","locale":"GBP","opportunityId":"23","opportunityName":"opportunity_23","paymentFrequency":"Monthly","product1":"Outbound patient message","product2":"Inbound patient message","state1":"Close Won","state2":"Close Won","value1":105,"value2":118}
{"accountId":"2bc555c5-034c-498d-acc0-baf0d3e4418e","industry":"IMCzdfj8mX","lastUpdatedDate":"2022-02-22","locale":"GBP","opportunityId":"6","opportunityName":"opportunity_6","paymentFrequency":"Quarterly","product1":"Outbound patient message","product2":"Inbound patient message","state1":"Close Won","state2":"Close Won","value1":109,"value2":124}
{"accountId":"6ab66ca9-0d74-432d-ab0b-15b70a682953","industry":"J2SVgOaB7h","lastUpdatedDate":"2022-02-22","locale":"GBP","opportunityId":"66","opportunityName":"opportunity_66","paymentFrequency":"Quarterly","product1":"Outbound patient message","product2":"Inbound patient message","state1":"Close Won","state2":"Close Won","value1":137,"value2":140}
{"accountId":"52b62d9d-8ecf-4baf-b6d9-ef122995abd0","industry":"f04ORvSWHX","lastUpdatedDate":"2022-02-22","locale":"GBP","opportunityId":"61","opportunityName":"opportunity_61","paymentFrequency":"Annually","product1":"Outbound patient message","product2":"Inbound patient message","state1":"Close Won","state2":"Close Won","value1":71,"value2":119}
{"accountId":"91be6efb-3a7a-413e-a3fc-4f8008db93e6","industry":"kMamYV7r6V","lastUpdatedDate":"2022-02-22","locale":"GBP","opportunityId":"96","opportunityName":"opportunity_96","paymentFrequency":"Annually","product1":"Outbound patient message","product2":"Inbound patient message","state1":"Lost","state2":"Close Won","value1":143,"value2":93}
{"accountId":"27dcfe28-1c7f-46f0-9ce3-148f3660453e","industry":"z9xQNautz8","lastUpdatedDate":"2022-02-22","locale":"GBP","opportunityId":"178","opportunityName":"opportunity_178","paymentFrequency":"Monthly","product1":"Outbound patient message","product2":"Inbound patient message","state1":"Close Won","state2":"Lost","value1":125,"value2":75}
{"accountId":"a13aa975-69f4-43c2-925e-8d35c20b2b51","industry":"klxuLsalQQ","lastUpdatedDate":"2022-02-22","locale":"GBP","opportunityId":"49","opportunityName":"opportunity_49","paymentFrequency":"Annually","product1":"Outbound patient message","product2":"Inbound patient message","state1":"Close Won","state2":"Lost","value1":133,"value2":86}
{"accountId":"fbbb6227-556f-4a77-8c35-88f41006db11","industry":"Mkf48WVyIB","lastUpdatedDate":"2022-02-22","locale":"GBP","opportunityId":"73","opportunityName":"opportunity_73","paymentFrequency":"Monthly","product1":"Outbound patient message","product2":"Inbound patient message","state1":"Close Won","state2":"Lost","value1":62,"value2":146}
{"accountId":"135e924e-b090-41a4-b8ac-8b1e8aa32b3a","industry":"jCK3oRO4z7","lastUpdatedDate":"2022-02-22","locale":"GBP","opportunityId":"17","opportunityName":"opportunity_17","paymentFrequency":"Monthly","product1":"Outbound patient message","product2":"Inbound patient message","state1":"Lost","state2":"Lost","value1":65,"value2":81}
{"accountId":"54b2a54e-f39a-4762-8791-59cbbd571e01","industry":"94srBLSLR1","lastUpdatedDate":"2022-02-22","locale":"GBP","opportunityId":"80","opportunityName":"opportunity_80","paymentFrequency":"Monthly","product1":"Outbound patient message","product2":"Inbound patient message","state1":"Lost","state2":"Lost","value1":134,"value2":148}
{"accountId":"68275770-f794-40d1-8eec-e6a9dea661de","industry":"nZmdT9CvAy","lastUpdatedDate":"2022-02-22","locale":"GBP","opportunityId":"36","opportunityName":"opportunity_36","paymentFrequency":"Quarterly","product1":"Outbound patient message","product2":"Inbound patient message","state1":"Lost","state2":"Lost","value1":72,"value2":149}
{"accountId":"675be342-58e8-4bcb-b2c8-325852835000","industry":"90Nr8hVlQc","lastUpdatedDate":"2022-02-22","locale":"GBP","opportunityId":"57","opportunityName":"opportunity_57","paymentFrequency":"Monthly","product1":"Outbound patient message","product2":"Inbound patient message","state1":"Close Won","state2":"Lost","value1":139,"value2":66}
{"accountId":"4f7b6c83-81c4-4cae-99d5-7c378d3b3a3e","industry":"hAYu4KkISM","lastUpdatedDate":"2022-02-22","locale":"GBP","opportunityId":"12","opportunityName":"opportunity_12","paymentFrequency":"Annually","product1":"Outbound patient message","product2":"Inbound patient message","state1":"Close Won","state2":"Lost","value1":93,"value2":90}
{"accountId":"bd434a97-25c5-4688-99ef-952f30928017","industry":"sd2IFdlKBz","lastUpdatedDate":"2022-02-22","locale":"GBP","opportunityId":"2","opportunityName":"opportunity_2","paymentFrequency":"Monthly","product1":"Outbound patient message","product2":"Inbound patient message","state1":"Lost","state2":"Close Won","value1":79,"value2":70}
{"accountId":"3726d1ee-f078-4178-94d9-462c8b3a6062","industry":"mTs8MXNV7J","lastUpdatedDate":"2022-02-22","locale":"GBP","opportunityId":"37","opportunityName":"opportunity_37","paymentFrequency":"Annually","product1":"Outbound patient message","product2":"Inbound patient message","state1":"Close Won","state2":"Close Won","value1":104,"value2":136}
{"accountId":"741eb3dc-1c38-4548-a5ad-5a0c8a1861cd","industry":"dwPWdab1bz","lastUpdatedDate":"2022-02-22","locale":"GBP","opportunityId":"118","opportunityName":"opportunity_118","paymentFrequency":"Quarterly","product1":"Outbound patient message","product2":"Inbound patient message","state1":"Close Won","state2":"Close Won","value1":129,"value2":65}
