{"accountId":"897654fe-3588-4355-9b73-de264d0c7a60","industry":"JQvMVygY42","lastUpdatedDate":"2022-05-23","locale":"GBP","opportunityId":"62","opportunityName":"opportunity_62","paymentFrequency":"Annually","product1":"Outbound patient message","product2":"Inbound patient message","state1":"Close Won","state2":"Close Won","value1":63,"value2":140}
{"accountId":"40e9aedc-2075-4ab5-8892-cf4599430b0a","industry":"COd75YIHNp","lastUpdatedDate":"2022-05-23","locale":"GBP","opportunityId":"164","opportunityName":"opportunity_164","paymentFrequency":"Annually","product1":"Outbound patient message","product2":"Inbound patient message","state1":"Lost","state2":"Close Won","value1":89,"value2":61}
{"accountId":"3388d167-f5d6-4715-992f-e7aeb9dc0a77","industry":"GFNTBlpcts","lastUpdatedDate":"2022-05-23","locale":"GBP","opportunityId":"94","opportunityName":"opportunity_94","paymentFrequency":"Monthly","product1":"Outbound patient message","product2":"Inbound patient message","state1":"Close Won","state2":"Close Won","value1":98,"value2":137}
{"accountId":"3726d1ee-f078-4178-94d9-462c8b3a6062","industry":"mTs8MXNV7J","lastUpdatedDate":"2022-05-23","locale":"GBP","opportunityId":"136","opportunityName":"opportunity_136","paymentFrequency":"Annually","product1":"Outbound patient message","product2":"Inbound patient message","state1":"Close Won","state2":"Close Won","value1":80,"value2":104}
{"accountId":"bbf550ee-b719-4dca-b364-0cf2659cc154","industry":"qwEyD9fuaa","lastUpdatedDate":"2022-05-23","locale":"GBP","opportunityId":"46","opportunityName":"opportunity_46","paymentFrequency":"Monthly","product1":"Outbound patient message","product2":"Inbound patient message","state1":"Lost","state2":"Close Won","value1":129,"value2":113}
{"accountId":"3727471e-47de-477e-bdeb-2539be7012e2","industry":"JA7Nk3rCiF","lastUpdatedDate":"2022-05-23","locale":"GBP","opportunityId":"197","opportunityName":"opportunity_197","paymentFrequency":"Monthly","product1":"Outbound patient message","product2":"Inbound patient message","state1":"Lost","state2":"Close Won","value1":149,"value2":63}
{"accountId":"a0a7bc99-5c3c-44b7-be3d-3902b1e89bbc","industry":"nWreexOtOu","lastUpdatedDate":"2022-05-23","locale":"GBP","opportunityId":"176","opportunityName":"opportunity_176","paymentFrequency":"Annually","product1":"Outbound patient message","product2":"Inbound patient message","state1":"Close Won","state2":"Lost","value1":67,"value2":72}
{"accountId":"838afb40-07dd-4711-b4a9-cae177a1aa6d","industry":"VOlrflghs4","lastUpdatedDate":"2022-05-23","locale":"GBP","opportunityId":"31","opportunityName":"opportunity_31","paymentFrequency":"Quarterly","product1":"Outbound patient message","product2":"Inbound patient message","state1":"Close Won","state2":"Close Won","value1":107,"value2":139}
{"accountId":"aaed25b2-62d4-4522-ac30-542e242f5c55","industry":"B71F07zsZh","lastUpdatedDate":"2022-05-23","locale":"GBP","opportunityId":"167","opportunityName":"opportunity_167","paymentFrequency":"Quarterly","product1":"Outbound patient message","product2":"Inbound patient message","state1":"Close Won","state2":"Close Won","value1":121,"value2":150}
{"accountId":"44ea9a7c-a897-4bff-8105-477143da33b8","industry":"VHKDp5wva4","lastUpdatedDate":"2022-05-23","locale":"GBP","opportunityId":"44","opportunityName":"opportunity_44","paymentFrequency":"Monthly","product1":"Outbound patient message","product2":"Inbound patient message","state1":"Close Won","state2":"Close Won","value1":114,"value2":75}
{"accountId":"dd624ba0-66b1-44fb-b1a6-d7689c048377","industry":"AIF5FfEnrm","lastUpdatedDate":"2022-05-23","locale":"GBP","opportunityId":"173","opportunityName":"opportunity_173","paymentFrequency":"Quarterly","product1":"Outbound patient message","product2":"Inbound patient message","state1":"Close Won","state2":"Close Won","value1":76,"value2":149}
{"accountId":"91be6efb-3a7a-413e-a3fc-4f8008db93e6","industry":"kMamYV7r6V","lastUpdatedDate":"2022-05-23","locale":"GBP","opportunityId":"195","opportunityName":"opportunity_195","paymentFrequency":"Annually","product1":"Outbound patient message","product2":"Inbound patient message","state1":"Close Won","state2":"Close Won","value1":103,"value2":89}
{"accountId":"5759ede0-3344-45af-b240-76761e7a80cf","industry":"4Rw1ZTRkhO","lastUpdatedDate":"2022-05-23","locale":"GBP","opportunityId":"138","opportunityName":"opportunity_138","paymentFrequency":"Quarterly","product1":"Outbound patient message","product2":"Inbound patient message","state1":"Close Won","state2":"Close Won","value1":90,"value2":85}
{"accountId":"4fab59ae-6b03-4d36-91ad-68842d9fce83","industry":"QPU4nO35Zs","lastUpdatedDate":"2022-05-23","locale":"GBP","opportunityId":"30","opportunityName":"opportunity_30","paymentFrequency":"Quarterly","product1":"Outbound patient message","product2":"Inbound patient message","state1":"Close Won","state2":"Close Won","value1":116,"value2":77}
{"accountId":"ba2b230e-3000-4ffe-b9b2-3a9053a295af","industry":"hLQjQmKaBJ","lastUpdatedDate":"2022-05-23","locale":"GBP","opportunityId":"35","opportunityName":"opportunity_35","paymentFrequency":"Annually","product1":"Outbound patient message","product2":"Inbound patient message","state1":"Lost","state2":"","value1":126,"value2":125}
{"accountId":"171d317d-b4be-4317-be1f-ec39367e61d6","industry":"TdCHNJwJQd","lastUpdatedDate":"2022-05-23","locale":"GBP","opportunityId":"121","opportunityName":"opportunity_121","paymentFrequency":"Quarterly","product1":"Outbound patient message","product2":"Inbound patient message","state1":"Lost","state2":"Lost","value1":72,"value2":89}
{"accountId":"1bed54ca-2319-4d96-b2b9-ca21e34c9974","industry":"7FCMM0E2mG","lastUpdatedDate":"2022-05-23","locale":"GBP","opportunityId":"67","opportunityName":"opportunity_67","paymentFrequency":"Annually","product1":"Outbound patient message","product2":"Inbound patient message","state1":"Lost","state2":"Lost","value1":56,"value2":121}
{"accountId":"320d3e1c-322c-4336-bad1-1b09e69d965e","industry":"W9mvGVjz1H","lastUpdatedDate":"2022-05-23","locale":"GBP","opportunityId":"45","opportunityName":"opportunity_45","paymentFrequency":"Monthly","product1":"Outbound patient message","product2":"Inbound patient message","state1":"Lost","state2":"Close Won","value1":51,"value2":147}
{"accountId":"8966f148-1522-4a73-a813-97c52554fc64","industry":"jjwbn2QzUf","lastUpdatedDate":"2022-05-23","locale":"GBP","opportunityId":"162","opportunityName":"opportunity_162","paymentFrequency":"Quarterly","product1":"Outbound patient message","product2":"Inbound patient message","state1":"Lost","state2":"Close Won","value1":89,"value2":137}
{"accountId":"8f780e3a-9391-4f2a-a3f5-81648b3c8e72","industry":"8gM5zD8MgN","lastUpdatedDate":"2022-05-23","locale":"GBP","opportunityId":"34","opportunityName":"opportunity_34","paymentFrequency":"Quarterly","product1":"Outbound patient message","product2":"Inbound patient message","state1":"Close Won","state2":"Close Won","value1":119,"value2":114}
{"accountId":"38f11446-3b22-4640-865f-e2b66e8abd3b","industry":"vYIcUNlA9R","lastUpdatedDate":"2022-05-23","locale":"GBP","opportunityId":"190","opportunityName":"opportunity_190","paymentFrequency":"Quarterly","product1":"Outbound patient message","product2":"Inbound patient message","state1":"Close Won","state2":"Close Won","value1":81,"value2":86}
