{"accountId":"5021d6e9-f1b4-41ea-8eff-86030071a5b1","industry":"c7tdC3H8ob","lastUpdatedDate":"2022-08-01","locale":"GBP","opportunityId":"139","opportunityName":"opportunity_139","paymentFrequency":"Quarterly","product1":"Outbound patient message","product2":"Inbound patient message","state1":"Lost","state2":"Lost","value1":67,"value2":127}
{"accountId":"171d317d-b4be-4317-be1f-ec39367e61d6","industry":"TdCHNJwJQd","lastUpdatedDate":"2022-08-01","locale":"GBP","opportunityId":"213","opportunityName":"opportunity_213","paymentFrequency":"Quarterly","product1":"Outbound patient message","product2":"Inbound patient message","state1":"Close Won","state2":"Close Won","value1":150,"value2":146}
{"accountId":"e96bd483-4c90-4e7a-aece-d4022778bd14","industry":"NlHxtrfBCH","lastUpdatedDate":"2022-08-01","locale":"GBP","opportunityId":"52","opportunityName":"opportunity_52","paymentFrequency":"Monthly","product1":"Outbound patient message","product2":"Inbound patient message","state1":"Lost","state2":"Close Won","value1":84,"value2":54}
{"accountId":"8af506e5-7ddf-47fb-822e-520d8edd2250","industry":"jOdMUjzHRY","lastUpdatedDate":"2022-08-01","locale":"GBP","opportunityId":"251","opportunityName":"opportunity_251","paymentFrequency":"Quarterly","product1":"Outbound patient message","product2":"Inbound patient message","state1":"Lost","state2":"Close Won","value1":51,"value2":137}
{"accountId":"fbbb6227-556f-4a77-8c35-88f41006db11","industry":"Mkf48WVyIB","lastUpdatedDate":"2022-08-01","locale":"GBP","opportunityId":"73","opportunityName":"opportunity_73","paymentFrequency":"Monthly","product1":"Outbound patient message","product2":"Inbound patient message","state1":"","state2":"Lost","value1":67,"value2":144}
{"accountId":"3727471e-47de-477e-bdeb-2539be7012e2","industry":"JA7Nk3rCiF","lastUpdatedDate":"2022-08-01","locale":"GBP","opportunityId":"270","opportunityName":"opportunity_270","paymentFrequency":"Monthly","product1":"Outbound patient message","product2":"Inbound patient message","state1":"Close Won","state2":"Close Won","value1":121,"value2":97}
{"accountId":"40792985-b238-4808-8f03-4ccd3fe6fb0a","industry":"lAvJuilzRM","lastUpdatedDate":"2022-08-01","locale":"GBP","opportunityId":"131","opportunityName":"opportunity_131","paymentFrequency":"Annually","product1":"Outbound patient message","product2":"Inbound patient message","state1":"Close Won","state2":"Close Won","value1":118,"value2":54}
{"accountId":"e74d27b1-6acd-411a-80de-ee4186abf111","industry":"xiZp369EWL","lastUpdatedDate":"2022-08-01","locale":"GBP","opportunityId":"265","opportunityName":"opportunity_265","paymentFrequency":"Quarterly","product1":"Outbound patient message","product2":"Inbound patient message","state1":"Close Won","state2":"Close Won","value1":98,"value2":119}
{"accountId":"5759ede0-3344-45af-b240-76761e7a80cf","industry":"4Rw1ZTRkhO","lastUpdatedDate":"2022-08-01","locale":"GBP","opportunityId":"138","opportunityName":"opportunity_138","paymentFrequency":"Quarterly","product1":"Outbound patient message","product2":"Inbound patient message","state1":"Close Won","state2":"Close Won","value1":109,"value2":112}
{"accountId":"583f544a-836a-4244-8912-c4c258f85117","industry":"VS3wo8Sprt","lastUpdatedDate":"2022-08-01","locale":"GBP","opportunityId":"149","opportunityName":"opportunity_149","paymentFrequency":"Monthly","product1":"Outbound patient message","product2":"Inbound patient message","state1":"Close Won","state2":"Lost","value1":80,"value2":99}
{"accountId":"40e9aedc-2075-4ab5-8892-cf4599430b0a","industry":"COd75YIHNp","lastUpdatedDate":"2022-08-01","locale":"GBP","opportunityId":"263","opportunityName":"opportunity_263","paymentFrequency":"Annually","product1":"Outbound patient message","product2":"Inbound patient message","state1":"Close Won","state2":"Close Won","value1":67,"value2":98}
{"accountId":"37a846db-767c-46a8-9500-93c9ca667381","industry":"vKh5UT98rV","lastUpdatedDate":"2022-08-01","locale":"GBP","opportunityId":"234","opportunityName":"opportunity_234","paymentFrequency":"Quarterly","product1":"Outbound patient message","product2":"Inbound patient message","state1":"Close Won","state2":"Close Won","value1":128,"value2":104}
{"accountId":"91be6efb-3a7a-413e-a3fc-4f8008db93e6","industry":"kMamYV7r6V","lastUpdatedDate":"2022-08-01","locale":"GBP","opportunityId":"195","opportunityName":"opportunity_195","paymentFrequency":"Annually","product1":"Outbound patient message","product2":"Inbound patient message","state1":"Close Won","state2":"Close Won","value1":56,"value2":66}
{"accountId":"d545968d-093f-41c8-b436-b37a2635778c","industry":"MKTavbWBfX","lastUpdatedDate":"2022-08-01","locale":"GBP","opportunityId":"257","opportunityName":"opportunity_257","paymentFrequency":"Quarterly","product1":"Outbound patient message","product2":"Inbound patient message","state1":"Close Won","state2":"Close Won","value1":75,"value2":100}
{"accountId":"e3158c80-0658-4cbf-8770-8e64b457fa10","industry":"GEhgdPsPq0","lastUpdatedDate":"2022-08-01","locale":"GBP","opportunityId":"175","opportunityName":"opportunity_175","paymentFrequency":"Quarterly","product1":"Outbound patient message","product2":"Inbound patient message","state1":"Close Won","state2":"Close Won","value1":71,"value2":78}
{"accountId":"5d2cb818-ef51-46b5-b10a-c507b30a0eba","industry":"4Z0gAPLXOG","lastUpdatedDate":"2022-08-01","locale":"GBP","opportunityId":"152","opportunityName":"opportunity_152","paymentFrequency":"Monthly","product1":"Outbound patient message","product2":"Inbound patient message","state1":"Close Won","state2":"Lost","value1":99,"value2":76}
{"accountId":"453f4b3a-e47d-4603-b58d-ec0eadce60ee","industry":"iNVna7W6NJ","lastUpdatedDate":"2022-08-01","locale":"GBP","opportunityId":"123","opportunityName":"opportunity_123","paymentFrequency":"Annually","product1":"Outbound patient message","product2":"Inbound patient message","state1":"Lost","state2":"Close Won","value1":109,"value2":93}
{"accountId":"38f11446-3b22-4640-865f-e2b66e8abd3b","industry":"vYIcUNlA9R","lastUpdatedDate":"2022-08-01","locale":"GBP","opportunityId":"190","opportunityName":"opportunity_190","paymentFrequency":"Quarterly","product1":"Outbound patient message","product2":"Inbound patient message","state1":"Close Won","state2":"Close Won","value1":67,"value2":136}
{"accountId":"135e924e-b090-41a4-b8ac-8b1e8aa32b3a","industry":"jCK3oRO4z7","lastUpdatedDate":"2022-08-01","locale":"GBP","opportunityId":"116","opportunityName":"opportunity_116","paymentFrequency":"Monthly","product1":"Outbound patient message","product2":"Inbound patient message","state1":"Close Won","state2":"Close Won","value1":106,"value2":136}
{"accountId":"44ea9a7c-a897-4bff-8105-477143da33b8","industry":"VHKDp5wva4","lastUpdatedDate":"2022-08-01","locale":"GBP","opportunityId":"143","opportunityName":"opportunity_143","paymentFrequency":"Monthly","product1":"Outbound patient message","product2":"Inbound patient message","state1":"Close Won","state2":"Close Won","value1":83,"value2":112}
{"accountId":"3b93afd1-7bc0-41a1-9519-c632a31658db","industry":"yquzaR2X1p","lastUpdatedDate":"2022-08-01","locale":"GBP","opportunityId":"205","opportunityName":"opportunity_205","paymentFrequency":"Quarterly","product1":"Outbound patient message","product2":"Inbound patient message","state1":"Close Won","state2":"Close Won","value1":83,"value2":78}
{"accountId":"2bc555c5-034c-498d-acc0-baf0d3e4418e","industry":"IMCzdfj8mX","lastUpdatedDate":"2022-08-01","locale":"GBP","opportunityId":"105","opportunityName":"opportunity_105","paymentFrequency":"Quarterly","product1":"Outbound patient message","product2":"Inbound patient message","state1":"Close Won","state2":"Close Won","value1":150,"value2":57}
