{"accountId":"546317ea-2cf9-4141-a4d6-a8dcc1edfa09","industry":"NawqhRDigz","lastUpdatedDate":"2022-04-25","locale":"GBP","opportunityId":"103","opportunityName":"opportunity_103","paymentFrequency":"Quarterly","product1":"Outbound patient message","product2":"Inbound patient message","state1":"Close Won","state2":"Close Won","value1":116,"value2":147}
{"accountId":"8f780e3a-9391-4f2a-a3f5-81648b3c8e72","industry":"8gM5zD8MgN","lastUpdatedDate":"2022-04-25","locale":"GBP","opportunityId":"34","opportunityName":"opportunity_34","paymentFrequency":"Quarterly","product1":"Outbound patient message","product2":"Inbound patient message","state1":"Lost","state2":"Close Won","value1":144,"value2":59}
{"accountId":"27dcfe28-1c7f-46f0-9ce3-148f3660453e","industry":"z9xQNautz8","lastUpdatedDate":"2022-04-25","locale":"GBP","opportunityId":"178","opportunityName":"opportunity_178","paymentFrequency":"Monthly","product1":"Outbound patient message","product2":"Inbound patient message","state1":"Close Won","state2":"Lost","value1":104,"value2":150}
{"accountId":"8af506e5-7ddf-47fb-822e-520d8edd2250","industry":"jOdMUjzHRY","lastUpdatedDate":"2022-04-25","locale":"GBP","opportunityId":"157","opportunityName":"opportunity_157","paymentFrequency":"Quarterly","product1":"Outbound patient message","product2":"Inbound patient message","state1":"Close Won","state2":"Close Won","value1":50,"value2":82}
{"accountId":"171d317d-b4be-4317-be1f-ec39367e61d6","industry":"TdCHNJwJQd","lastUpdatedDate":"2022-04-25","locale":"GBP","opportunityId":"121","opportunityName":"opportunity_121","paymentFrequency":"Quarterly","product1":"Outbound patient message","product2":"Inbound patient message","state1":"Close Won","state2":"Close Won","value1":54,"value2":70}
{"accountId":"1cbfbfb1-c4a5-4b97-9ada-8af07c9e435a","industry":"3KojlcNq0W","lastUpdatedDate":"2022-04-25","locale":"GBP","opportunityId":"194","opportunityName":"opportunity_194","paymentFrequency":"Annually","product1":"Outbound patient message","product2":"Inbound patient message","state1":"Close Won","state2":"Close Won","value1":113,"value2":150}
{"accountId":"709bd593-9e6f-4255-9da2-38eff2a29e53","industry":"AJ5P2x94sZ","lastUpdatedDate":"2022-04-25","locale":"GBP","opportunityId":"7","opportunityName":"opportunity_7","paymentFrequency":"Annually","product1":"Outbound patient message","product2":"Inbound patient message","state1":"Close Won","state2":"Close Won","value1":85,"value2":82}
{"accountId":"eaf54617-31cc-4c37-a581-68e5ca4c0d95","industry":"dVKEymf21S","lastUpdatedDate":"2022-04-25","locale":"GBP","opportunityId":"88","opportunityName":"opportunity_88","paymentFrequency":"Annually","product1":"Outbound patient message","product2":"Inbound patient message","state1":"Close Won","state2":"Close Won","value1":72,"value2":51}
{"accountId":"9b2b8cb9-5710-4f40-9944-517dbfb29c9c","industry":"iGnPQk3h1P","lastUpdatedDate":"2022-04-25","locale":"GBP","opportunityId":"113","opportunityName":"opportunity_113","paymentFrequency":"Annually","product1":"Outbound patient message","product2":"Inbound patient message","state1":"Close Won","state2":"Close Won","value1":54,"value2":79}
{"accountId":"b955450b-a469-41be-9602-e29e36d29d79","industry":"k6oFLNhpYB","lastUpdatedDate":"2022-04-25","locale":"GBP","opportunityId":"100","opportunityName":"opportunity_100","paymentFrequency":"Monthly","product1":"Outbound patient message","product2":"Inbound patient message","state1":"Close Won","state2":"Lost","value1":55,"value2":84}
{"accountId":"00effb03-ebfd-443d-a08e-588421347c65","industry":"W1L9Q8NmSX","lastUpdatedDate":"2022-04-25","locale":"GBP","opportunityId":"128","opportunityName":"opportunity_128","paymentFrequency":"Annually","product1":"Outbound patient message","product2":"Inbound patient message","state1":"Lost","state2":"Lost","value1":126,"value2":99}
{"accountId":"5939af6a-9fe1-477d-9f6c-e18b6ff93253","industry":"kRT4oPsY0A","lastUpdatedDate":"2022-04-25","locale":"GBP","opportunityId":"120","opportunityName":"opportunity_120","paymentFrequency":"Monthly","product1":"Outbound patient message","product2":"Inbound patient message","state1":"Close Won","state2":"Close Won","value1":123,"value2":89}
{"accountId":"ef23faf2-6c4e-4d73-a5ad-1cb3cef91a65","industry":"4t609pGmhK","lastUpdatedDate":"2022-04-25","locale":"GBP","opportunityId":"115","opportunityName":"opportunity_115","paymentFrequency":"Annually","product1":"Outbound patient message","product2":"Inbound patient message","state1":"Close Won","state2":"Close Won","value1":70,"value2":116}
{"accountId":"cbbddfef-2757-4451-bde7-1380d6d99144","industry":"JXjmr3hZJm","lastUpdatedDate":"2022-04-25","locale":"GBP","opportunityId":"75","opportunityName":"opportunity_75","paymentFrequency":"Monthly","product1":"Outbound patient message","product2":"Inbound patient message","state1":"Close Won","state2":"Close Won","value1":90,"value2":78}
{"accountId":"cbadc59c-c1b7-42d7-a899-ec33e7b963f9","industry":"9gqMhJ25jh","lastUpdatedDate":"2022-04-25","locale":"GBP","opportunityId":"146","opportunityName":"opportunity_146","paymentFrequency":"Quarterly","product1":"Outbound patient message","product2":"Inbound patient message","state1":"Close Won","state2":"Close Won","value1":135,"value2":133}
{"accountId":"e3158c80-0658-4cbf-8770-8e64b457fa10","industry":"GEhgdPsPq0","lastUpdatedDate":"2022-04-25","locale":"GBP","opportunityId":"175","opportunityName":"opportunity_175","paymentFrequency":"Quarterly","product1":"Outbound patient message","product2":"Inbound patient message","state1":"Close Won","state2":"Close Won","value1":78,"value2":80}
{"accountId":"1bed54ca-2319-4d96-b2b9-ca21e34c9974","industry":"7FCMM0E2mG","lastUpdatedDate":"2022-04-25","locale":"GBP","opportunityId":"67","opportunityName":"opportunity_67","paymentFrequency":"Annually","product1":"Outbound patient message","product2":"Inbound patient message","state1":"Close Won","state2":"Close Won","value1":57,"value2":149}
{"accountId":"d64ccb08-68d6-4b3d-aeb5-5d1ea3224496","industry":"xWiukiroxt","lastUpdatedDate":"2022-04-25","locale":"GBP","opportunityId":"85","opportunityName":"opportunity_85","paymentFrequency":"Monthly","product1":"Outbound patient message","product2":"Inbound patient message","state1":"Lost","state2":"Close Won","value1":106,"value2":106}
{"accountId":"a1f9f622-1683-43b6-8747-3660ed67a120","industry":"1tJ4UP7rUU","lastUpdatedDate":"2022-04-25","locale":"GBP","opportunityId":"15","opportunityName":"opportunity_15","paymentFrequency":"Quarterly","product1":"Outbound patient message","product2":"Inbound patient message","state1":"Lost","state2":"Close Won","value1":58,"value2":101}
{"accountId":"38f11446-3b22-4640-865f-e2b66e8abd3b","industry":"vYIcUNlA9R","lastUpdatedDate":"2022-04-25","locale":"GBP","opportunityId":"190","opportunityName":"opportunity_190","paymentFrequency":"Quarterly","product1":"Outbound patient message","product2":"Inbound patient message","state1":"Close Won","state2":"Lost","value1":143,"value2":62}
{"accountId":"5d2cb818-ef51-46b5-b10a-c507b30a0eba","industry":"4Z0gAPLXOG","lastUpdatedDate":"2022-04-25","locale":"GBP","opportunityId":"152","opportunityName":"opportunity_152","paymentFrequency":"Monthly","product1":"Outbound patient message","product2":"Inbound patient message","state1":"Lost","state2":"Lost","value1":136,"value2":55}
{"accountId":"5021d6e9-f1b4-41ea-8eff-86030071a5b1","industry":"c7tdC3H8ob","lastUpdatedDate":"2022-04-25","locale":"GBP","opportunityId":"139","opportunityName":"opportunity_139","paymentFrequency":"Quarterly","product1":"Outbound patient message","product2":"Inbound patient message","state1":"Lost","state2":"Close Won","value1":123,"value2":81}
{"accountId":"dd624ba0-66b1-44fb-b1a6-d7689c048377","industry":"AIF5FfEnrm","lastUpdatedDate":"2022-04-25","locale":"GBP","opportunityId":"173","opportunityName":"opportunity_173","paymentFrequency":"Quarterly","product1":"Outbound patient message","product2":"Inbound patient message","state1":"Lost","state2":"Close Won","value1":92,"value2":127}
{"accountId":"85becbb2-f093-4594-92f1-485c08b783cf","industry":"ToBgZUsL9P","lastUpdatedDate":"2022-04-25","locale":"GBP","opportunityId":"188","opportunityName":"opportunity_188","paymentFrequency":"Monthly","product1":"Outbound patient message","product2":"Inbound patient message","state1":"Lost","state2":"Close Won","value1":63,"value2":139}
{"accountId":"e96bd483-4c90-4e7a-aece-d4022778bd14","industry":"NlHxtrfBCH","lastUpdatedDate":"2022-04-25","locale":"GBP","opportunityId":"52","opportunityName":"opportunity_52","paymentFrequency":"Monthly","product1":"Outbound patient message","product2":"Inbound patient message","state1":"Close Won","state2":"Close Won","value1":100,"value2":87}
{"accountId":"aaed25b2-62d4-4522-ac30-542e242f5c55","industry":"B71F07zsZh","lastUpdatedDate":"2022-04-25","locale":"GBP","opportunityId":"167","opportunityName":"opportunity_167","paymentFrequency":"Quarterly","product1":"Outbound patient message","product2":"Inbound patient message","state1":"Close Won","state2":"Close Won","value1":122,"value2":140}
