{"accountId":"cbbddfef-2757-4451-bde7-1380d6d99144","industry":"JXjmr3hZJm","lastUpdatedDate":"2022-11-03","locale":"GBP","opportunityId":"174","opportunityName":"opportunity_174","paymentFrequency":"Monthly","product1":"Outbound patient message","product2":"Inbound patient message","state1":"Lost","state2":"Close Won","value1":55,"value2":61}
{"accountId":"54b2a54e-f39a-4762-8791-59cbbd571e01","industry":"94srBLSLR1","lastUpdatedDate":"2022-11-03","locale":"GBP","opportunityId":"273","opportunityName":"opportunity_273","paymentFrequency":"Monthly","product1":"Outbound patient message","product2":"Inbound patient message","state1":"Close Won","state2":"Close Won","value1":92,"value2":85}
{"accountId":"9c1ea197-fce2-4bb0-a617-aaa18d12c33c","industry":"Iw4HkfVSwj","lastUpdatedDate":"2022-11-03","locale":"GBP","opportunityId":"259","opportunityName":"opportunity_259","paymentFrequency":"Annually","product1":"Outbound patient message","product2":"Inbound patient message","state1":"Lost","state2":"Lost","value1":84,"value2":137}
{"accountId":"44ea9a7c-a897-4bff-8105-477143da33b8","industry":"VHKDp5wva4","lastUpdatedDate":"2022-11-03","locale":"GBP","opportunityId":"207","opportunityName":"opportunity_207","paymentFrequency":"Monthly","product1":"Outbound patient message","product2":"Inbound patient message","state1":"Close Won","state2":"Close Won","value1":56,"value2":141}
{"accountId":"e74d27b1-6acd-411a-80de-ee4186abf111","industry":"xiZp369EWL","lastUpdatedDate":"2022-11-03","locale":"GBP","opportunityId":"265","opportunityName":"opportunity_265","paymentFrequency":"Quarterly","product1":"Outbound patient message","product2":"Inbound patient message","state1":"Close Won","state2":"Close Won","value1":65,"value2":143}
{"accountId":"8af506e5-7ddf-47fb-822e-520d8edd2250","industry":"jOdMUjzHRY","lastUpdatedDate":"2022-11-03","locale":"GBP","opportunityId":"251","opportunityName":"opportunity_251","paymentFrequency":"Quarterly","product1":"Outbound patient message","product2":"Inbound patient message","state1":"Close Won","state2":"Close Won","value1":136,"value2":114}
{"accountId":"3388d167-f5d6-4715-992f-e7aeb9dc0a77","industry":"GFNTBlpcts","lastUpdatedDate":"2022-11-03","locale":"GBP","opportunityId":"193","opportunityName":"opportunity_193","paymentFrequency":"Monthly","product1":"Outbound patient message","product2":"Inbound patient message","state1":"Close Won","state2":"Close Won","value1":59,"value2":50}
{"accountId":"3726d1ee-f078-4178-94d9-462c8b3a6062","industry":"mTs8MXNV7J","lastUpdatedDate":"2022-11-03","locale":"GBP","opportunityId":"201","opportunityName":"opportunity_201","paymentFrequency":"Annually","product1":"Outbound patient message","product2":"Inbound patient message","state1":"Lost","state2":"Close Won","value1":77,"value2":83}
{"accountId":"f80b949f-a775-4e5b-9463-c484d2d8e423","industry":"7iBrmp62wl","lastUpdatedDate":"2022-11-03","locale":"GBP","opportunityId":"236","opportunityName":"opportunity_236","paymentFrequency":"Quarterly","product1":"Outbound patient message","product2":"Inbound patient message","state1":"Close Won","state2":"Lost","value1":94,"value2":91}
{"accountId":"38f11446-3b22-4640-865f-e2b66e8abd3b","industry":"vYIcUNlA9R","lastUpdatedDate":"2022-11-03","locale":"GBP","opportunityId":"244","opportunityName":"opportunity_244","paymentFrequency":"Quarterly","product1":"Outbound patient message","product2":"Inbound patient message","state1":"Close Won","state2":"Lost","value1":111,"value2":122}
{"accountId":"1be28579-851b-45f0-a534-68dced7011eb","industry":"gA4sHWC3Fh","lastUpdatedDate":"2022-11-03","locale":"GBP","opportunityId":"200","opportunityName":"opportunity_200","paymentFrequency":"Annually","product1":"Outbound patient message","product2":"Inbound patient message","state1":"Close Won","state2":"Lost","value1":72,"value2":87}
{"accountId":"35c2affd-9250-498f-9479-72c9ea796648","industry":"Ms2jcJhh6o","lastUpdatedDate":"2022-11-03","locale":"GBP","opportunityId":"255","opportunityName":"opportunity_255","paymentFrequency":"Annually","product1":"Outbound patient message","product2":"Inbound patient message","state1":"Close Won","state2":"Close Won","value1":74,"value2":95}
{"accountId":"5f6bdff5-5f69-4a11-9ea4-4a06725b8b5c","industry":"Lo9CtnwfOk","lastUpdatedDate":"2022-11-03","locale":"GBP","opportunityId":"229","opportunityName":"opportunity_229","paymentFrequency":"Annually","product1":"Outbound patient message","product2":"Inbound patient message","state1":"Close Won","state2":"Close Won","value1":121,"value2":111}
{"accountId":"320d3e1c-322c-4336-bad1-1b09e69d965e","industry":"W9mvGVjz1H","lastUpdatedDate":"2022-11-03","locale":"GBP","opportunityId":"144","opportunityName":"opportunity_144","paymentFrequency":"Monthly","product1":"Outbound patient message","product2":"Inbound patient message","state1":"Close Won","state2":"Close Won","value1":73,"value2":147}
{"accountId":"a0a7bc99-5c3c-44b7-be3d-3902b1e89bbc","industry":"nWreexOtOu","lastUpdatedDate":"2022-11-03","locale":"GBP","opportunityId":"243","opportunityName":"opportunity_243","paymentFrequency":"Annually","product1":"Outbound patient message","product2":"Inbound patient message","state1":"Close Won","state2":"Close Won","value1":50,"value2":98}
{"accountId":"135e924e-b090-41a4-b8ac-8b1e8aa32b3a","industry":"jCK3oRO4z7","lastUpdatedDate":"2022-11-03","locale":"GBP","opportunityId":"216","opportunityName":"opportunity_216","paymentFrequency":"Monthly","product1":"Outbound patient message","product2":"Inbound patient message","state1":"Lost","state2":"Close Won","value1":130,"value2":54}
{"accountId":"91be6efb-3a7a-413e-a3fc-4f8008db93e6","industry":"kMamYV7r6V","lastUpdatedDate":"2022-11-03","locale":"GBP","opportunityId":"254","opportunityName":"opportunity_254","paymentFrequency":"Annually","product1":"Outbound patient message","product2":"Inbound patient message","state1":"Lost","state2":"Close Won","value1":72,"value2":107}
{"accountId":"5759ede0-3344-45af-b240-76761e7a80cf","industry":"4Rw1ZTRkhO","lastUpdatedDate":"2022-11-03","locale":"GBP","opportunityId":"218","opportunityName":"opportunity_218","paymentFrequency":"Quarterly","product1":"Outbound patient message","product2":"Inbound patient message","state1":"Close Won","state2":"Lost","value1":127,"value2":101}
{"accountId":"8831a558-1bd3-4922-8b50-6ead00901d8f","industry":"hRKh9k3SqQ","lastUpdatedDate":"2022-11-03","locale":"GBP","opportunityId":"107","opportunityName":"opportunity_107","paymentFrequency":"Annually","product1":"Outbound patient message","product2":"Inbound patient message","state1":"Close Won","state2":"Lost","value1":98,"value2":70}
{"accountId":"39ce7140-05f9-461b-8793-6315d89110ce","industry":"w7CatCDuam","lastUpdatedDate":"2022-11-03","locale":"GBP","opportunityId":"180","opportunityName":"opportunity_180","paymentFrequency":"Annually","product1":"Outbound patient message","product2":"Inbound patient message","state1":"Lost","state2":"","value1":122,"value2":50}
{"accountId":"d64ccb08-68d6-4b3d-aeb5-5d1ea3224496","industry":"xWiukiroxt","lastUpdatedDate":"2022-11-03","locale":"GBP","opportunityId":"262","opportunityName":"opportunity_262","paymentFrequency":"Monthly","product1":"Outbound patient message","product2":"Inbound patient message","state1":"Lost","state2":"Lost","value1":125,"value2":67}
{"accountId":"1cab8b98-3774-475d-a40e-9304ccbee2bb","industry":"zwJl0tZIE6","lastUpdatedDate":"2022-11-03","locale":"GBP","opportunityId":"253","opportunityName":"opportunity_253","paymentFrequency":"Quarterly","product1":"Outbound patient message","product2":"Inbound patient message","state1":"Close Won","state2":"Lost","value1":116,"value2":131}
{"accountId":"5021d6e9-f1b4-41ea-8eff-86030071a5b1","industry":"c7tdC3H8ob","lastUpdatedDate":"2022-11-03","locale":"GBP","opportunityId":"256","opportunityName":"opportunity_256","paymentFrequency":"Quarterly","product1":"Outbound patient message","product2":"Inbound patient message","state1":"Close Won","state2":"Close Won","value1":137,"value2":85}
