{"accountId":"e74d27b1-6acd-411a-80de-ee4186abf111","industry":"xiZp369EWL","lastUpdatedDate":"2022-01-26","locale":"GBP","opportunityId":"60","opportunityName":"opportunity_60","paymentFrequency":"Quarterly","product1":"Outbound patient message","product2":"Inbound patient message","state1":"Close Won","state2":"Close Won","value1":61,"value2":100}
{"accountId":"d64ccb08-68d6-4b3d-aeb5-5d1ea3224496","industry":"xWiukiroxt","lastUpdatedDate":"2022-01-26","locale":"GBP","opportunityId":"85","opportunityName":"opportunity_85","paymentFrequency":"Monthly","product1":"Outbound patient message","product2":"Inbound patient message","state1":"","state2":"Close Won","value1":91,"value2":51}
{"accountId":"d545968d-093f-41c8-b436-b37a2635778c","industry":"MKTavbWBfX","lastUpdatedDate":"2022-01-26","locale":"GBP","opportunityId":"64","opportunityName":"opportunity_64","paymentFrequency":"Quarterly","product1":"Outbound patient message","product2":"Inbound patient message","state1":"Close Won","state2":"Close Won","value1":142,"value2":124}
{"accountId":"c082f3e6-dce8-42de-99d8-ef0bb01e728f","industry":"DjjHmxgo6g","lastUpdatedDate":"2022-01-26","locale":"GBP","opportunityId":"18","opportunityName":"opportunity_18","paymentFrequency":"Quarterly","product1":"Outbound patient message","product2":"Inbound patient message","state1":"Close Won","state2":"Lost","value1":114,"value2":85}
{"accountId":"373b3e64-5df7-4418-b341-af7a6593ec3b","industry":"1P7kVEl82P","lastUpdatedDate":"2022-01-26","locale":"GBP","opportunityId":"86","opportunityName":"opportunity_86","paymentFrequency":"Annually","product1":"Outbound patient message","product2":"Inbound patient message","state1":"Close Won","state2":"Close Won","value1":101,"value2":118}
{"accountId":"171d317d-b4be-4317-be1f-ec39367e61d6","industry":"TdCHNJwJQd","lastUpdatedDate":"2022-01-26","locale":"GBP","opportunityId":"22","opportunityName":"opportunity_22","paymentFrequency":"Quarterly","product1":"Outbound patient message","product2":"Inbound patient message","state1":"Close Won","state2":"Close Won","value1":149,"value2":65}
{"accountId":"1be28579-851b-45f0-a534-68dced7011eb","industry":"gA4sHWC3Fh","lastUpdatedDate":"2022-01-26","locale":"GBP","opportunityId":"59","opportunityName":"opportunity_59","paymentFrequency":"Annually","product1":"Outbound patient message","product2":"Inbound patient message","state1":"Close Won","state2":"Close Won","value1":129,"value2":150}
{"accountId":"54b2a54e-f39a-4762-8791-59cbbd571e01","industry":"94srBLSLR1","lastUpdatedDate":"2022-01-26","locale":"GBP","opportunityId":"80","opportunityName":"opportunity_80","paymentFrequency":"Monthly","product1":"Outbound patient message","product2":"Inbound patient message","state1":"Close Won","state2":"Close Won","value1":90,"value2":75}
{"accountId":"3a5d243f-7c8d-40ec-af3d-571767304e52","industry":"CX59G7lviB","lastUpdatedDate":"2022-01-26","locale":"GBP","opportunityId":"28","opportunityName":"opportunity_28","paymentFrequency":"Annually","product1":"Outbound patient message","product2":"Inbound patient message","state1":"Lost","state2":"Close Won","value1":114,"value2":61}
{"accountId":"f8a5e497-a60e-47ef-9b4a-046649dd412c","industry":"iJ1hBFdXkj","lastUpdatedDate":"2022-01-26","locale":"GBP","opportunityId":"56","opportunityName":"opportunity_56","paymentFrequency":"Quarterly","product1":"Outbound patient message","product2":"Inbound patient message","state1":"Close Won","state2":"Close Won","value1":141,"value2":94}
{"accountId":"91be6efb-3a7a-413e-a3fc-4f8008db93e6","industry":"kMamYV7r6V","lastUpdatedDate":"2022-01-26","locale":"GBP","opportunityId":"96","opportunityName":"opportunity_96","paymentFrequency":"Annually","product1":"Outbound patient message","product2":"Inbound patient message","state1":"Lost","state2":"","value1":104,"value2":101}
{"accountId":"3727471e-47de-477e-bdeb-2539be7012e2","industry":"JA7Nk3rCiF","lastUpdatedDate":"2022-01-26","locale":"GBP","opportunityId":"98","opportunityName":"opportunity_98","paymentFrequency":"Monthly","product1":"Outbound patient message","product2":"Inbound patient message","state1":"Close Won","state2":"Lost","value1":74,"value2":124}
{"accountId":"741eb3dc-1c38-4548-a5ad-5a0c8a1861cd","industry":"dwPWdab1bz","lastUpdatedDate":"2022-01-26","locale":"GBP","opportunityId":"19","opportunityName":"opportunity_19","paymentFrequency":"Quarterly","product1":"Outbound patient message","product2":"Inbound patient message","state1":"Close Won","state2":"Lost","value1":134,"value2":85}
{"accountId":"2bc555c5-034c-498d-acc0-baf0d3e4418e","industry":"IMCzdfj8mX","lastUpdatedDate":"2022-01-26","locale":"GBP","opportunityId":"6","opportunityName":"opportunity_6","paymentFrequency":"Quarterly","product1":"Outbound patient message","product2":"Inbound patient message","state1":"Lost","state2":"Lost","value1":66,"value2":149}
{"accountId":"772510e7-9565-4485-809a-321bc3e92119","industry":"zzMbLPSSXq","lastUpdatedDate":"2022-01-26","locale":"GBP","opportunityId":"83","opportunityName":"opportunity_83","paymentFrequency":"Quarterly","product1":"Outbound patient message","product2":"Inbound patient message","state1":"Lost","state2":"Lost","value1":145,"value2":145}
{"accountId":"ec0175af-03c6-4f65-8e17-2e3c2e00dab7","industry":"pmZrhjt2j5","lastUpdatedDate":"2022-01-26","locale":"GBP","opportunityId":"23","opportunityName":"opportunity_23","paymentFrequency":"Monthly","product1":"Outbound patient message","product2":"Inbound patient message","state1":"Lost","state2":"Lost","value1":67,"value2":79}
{"accountId":"c4e36f6f-bf4c-4e52-bf45-13477890ab9d","industry":"e54tSJSGYV","lastUpdatedDate":"2022-01-26","locale":"GBP","opportunityId":"38","opportunityName":"opportunity_38","paymentFrequency":"Quarterly","product1":"Outbound patient message","product2":"Inbound patient message","state1":"Close Won","state2":"Lost","value1":110,"value2":83}
{"accountId":"ce41e35d-7c31-4dc0-819c-001edb7f5c4c","industry":"7Lxj4ZRjAe","lastUpdatedDate":"2022-01-26","locale":"GBP","opportunityId":"87","opportunityName":"opportunity_87","paymentFrequency":"Monthly","product1":"Outbound patient message","product2":"Inbound patient message","state1":"Lost","state2":"Close Won","value1":78,"value2":130}
{"accountId":"1cab8b98-3774-475d-a40e-9304ccbee2bb","industry":"zwJl0tZIE6","lastUpdatedDate":"2022-01-26","locale":"GBP","opportunityId":"13","opportunityName":"opportunity_13","paymentFrequency":"Quarterly","product1":"Outbound patient message","product2":"Inbound patient message","state1":"Close Won","state2":"Close Won","value1":65,"value2":52}
