{"accountId":"838afb40-07dd-4711-b4a9-cae177a1aa6d","industry":"VOlrflghs4","lastUpdatedDate":"2022-01-31","locale":"GBP","opportunityId":"31","opportunityName":"opportunity_31","paymentFrequency":"Quarterly","product1":"Outbound patient message","product2":"Inbound patient message","state1":"Close Won","state2":"Close Won","value1":123,"value2":50}
{"accountId":"38f11446-3b22-4640-865f-e2b66e8abd3b","industry":"vYIcUNlA9R","lastUpdatedDate":"2022-01-31","locale":"GBP","opportunityId":"91","opportunityName":"opportunity_91","paymentFrequency":"Quarterly","product1":"Outbound patient message","product2":"Inbound patient message","state1":"Close Won","state2":"Close Won","value1":56,"value2":69}
{"accountId":"171d317d-b4be-4317-be1f-ec39367e61d6","industry":"TdCHNJwJQd","lastUpdatedDate":"2022-01-31","locale":"GBP","opportunityId":"22","opportunityName":"opportunity_22","paymentFrequency":"Quarterly","product1":"Outbound patient message","product2":"Inbound patient message","state1":"Close Won","state2":"Lost","value1":133,"value2":107}
{"accountId":"ce41e35d-7c31-4dc0-819c-001edb7f5c4c","industry":"7Lxj4ZRjAe","lastUpdatedDate":"2022-01-31","locale":"GBP","opportunityId":"87","opportunityName":"opportunity_87","paymentFrequency":"Monthly","product1":"Outbound patient message","product2":"Inbound patient message","state1":"Close Won","state2":"Lost","value1":117,"value2":101}
{"accountId":"35c2affd-9250-498f-9479-72c9ea796648","industry":"Ms2jcJhh6o","lastUpdatedDate":"2022-01-31","locale":"GBP","opportunityId":"9","opportunityName":"opportunity_9","paymentFrequency":"Annually","product1":"Outbound patient message","product2":"Inbound patient message","state1":"Close Won","state2":"Close Won","value1":126,"value2":130}
{"accountId":"709bd593-9e6f-4255-9da2-38eff2a29e53","industry":"AJ5P2x94sZ","lastUpdatedDate":"2022-01-31","locale":"GBP","opportunityId":"7","opportunityName":"opportunity_7","paymentFrequency":"Annually","product1":"Outbound patient message","product2":"Inbound patient message","state1":"Close Won","state2":"Close Won","value1":138,"value2":116}
{"accountId":"8af506e5-7ddf-47fb-822e-520d8edd2250","industry":"jOdMUjzHRY","lastUpdatedDate":"2022-01-31","locale":"GBP","opportunityId":"58","opportunityName":"opportunity_58","paymentFrequency":"Quarterly","product1":"Outbound patient message","product2":"Inbound patient message","state1":"Close Won","state2":"Lost","value1":61,"value2":148}
{"accountId":"c082f3e6-dce8-42de-99d8-ef0bb01e728f","industry":"DjjHmxgo6g","lastUpdatedDate":"2022-01-31","locale":"GBP","opportunityId":"18","opportunityName":"opportunity_18","paymentFrequency":"Quarterly","product1":"Outbound patient message","product2":"Inbound patient message","state1":"Close Won","state2":"Close Won","value1":103,"value2":135}
{"accountId":"5939af6a-9fe1-477d-9f6c-e18b6ff93253","industry":"kRT4oPsY0A","lastUpdatedDate":"2022-01-31","locale":"GBP","opportunityId":"120","opportunityName":"opportunity_120","paymentFrequency":"Monthly","product1":"Outbound patient message","product2":"Inbound patient message","state1":"Close Won","state2":"Close Won","value1":143,"value2":106}
{"accountId":"ef23faf2-6c4e-4d73-a5ad-1cb3cef91a65","industry":"4t609pGmhK","lastUpdatedDate":"2022-01-31","locale":"GBP","opportunityId":"16","opportunityName":"opportunity_16","paymentFrequency":"Annually","product1":"Outbound patient message","product2":"Inbound patient message","state1":"Close Won","state2":"Close Won","value1":102,"value2":91}
{"accountId":"1bed54ca-2319-4d96-b2b9-ca21e34c9974","industry":"7FCMM0E2mG","lastUpdatedDate":"2022-01-31","locale":"GBP","opportunityId":"67","opportunityName":"opportunity_67","paymentFrequency":"Annually","product1":"Outbound patient message","product2":"Inbound patient message","state1":"Lost","state2":"Close Won","value1":134,"value2":55}
{"accountId":"3bfa679c-dd05-4739-893e-db2f93adf3cb","industry":"bPWgq3sCNN","lastUpdatedDate":"2022-01-31","locale":"GBP","opportunityId":"69","opportunityName":"opportunity_69","paymentFrequency":"Monthly","product1":"Outbound patient message","product2":"Inbound patient message","state1":"Lost","state2":"Close Won","value1":61,"value2":71}
{"accountId":"aa3de5cb-466a-4c1e-9b6f-1b81381bad75","industry":"35msD2rvNV","lastUpdatedDate":"2022-01-31","locale":"GBP","opportunityId":"90","opportunityName":"opportunity_90","paymentFrequency":"Annually","product1":"Outbound patient message","product2":"Inbound patient message","state1":"Close Won","state2":"Lost","value1":105,"value2":58}
{"accountId":"8966f148-1522-4a73-a813-97c52554fc64","industry":"jjwbn2QzUf","lastUpdatedDate":"2022-01-31","locale":"GBP","opportunityId":"63","opportunityName":"opportunity_63","paymentFrequency":"Quarterly","product1":"Outbound patient message","product2":"Inbound patient message","state1":"Close Won","state2":"Lost","value1":96,"value2":141}
{"accountId":"1d39123c-02dd-4a4b-8e28-105cb155c871","industry":"fh5wdcdJG9","lastUpdatedDate":"2022-01-31","locale":"GBP","opportunityId":"82","opportunityName":"opportunity_82","paymentFrequency":"Quarterly","product1":"Outbound patient message","product2":"Inbound patient message","state1":"Lost","state2":"Lost","value1":99,"value2":107}
{"accountId":"9a487cf9-bf59-40f3-87b7-cc817b8ccad4","industry":"vDZc29vrbC","lastUpdatedDate":"2022-01-31","locale":"GBP","opportunityId":"43","opportunityName":"opportunity_43","paymentFrequency":"Monthly","product1":"Outbound patient message","product2":"Inbound patient message","state1":"Close Won","state2":"Lost","value1":57,"value2":146}
{"accountId":"e69c4095-58cc-46a8-88b6-e526fe42b603","industry":"bfkmnuBlWE","lastUpdatedDate":"2022-01-31","locale":"GBP","opportunityId":"3","opportunityName":"opportunity_3","paymentFrequency":"Annually","product1":"Outbound patient message","product2":"Inbound patient message","state1":"Close Won","state2":"Close Won","value1":113,"value2":56}
