{"accountId":"27dcfe28-1c7f-46f0-9ce3-148f3660453e","industry":"z9xQNautz8","lastUpdatedDate":"2022-05-28","locale":"GBP","opportunityId":"241","opportunityName":"opportunity_241","paymentFrequency":"Monthly","product1":"Outbound patient message","product2":"Inbound patient message","state1":"Lost","state2":"Close Won","value1":57,"value2":139}
{"accountId":"675be342-58e8-4bcb-b2c8-325852835000","industry":"90Nr8hVlQc","lastUpdatedDate":"2022-05-28","locale":"GBP","opportunityId":"156","opportunityName":"opportunity_156","paymentFrequency":"Monthly","product1":"Outbound patient message","product2":"Inbound patient message","state1":"Close Won","state2":"Close Won","value1":137,"value2":135}
{"accountId":"38f11446-3b22-4640-865f-e2b66e8abd3b","industry":"vYIcUNlA9R","lastUpdatedDate":"2022-05-28","locale":"GBP","opportunityId":"190","opportunityName":"opportunity_190","paymentFrequency":"Quarterly","product1":"Outbound patient message","product2":"Inbound patient message","state1":"Close Won","state2":"Close Won","value1":147,"value2":67}
{"accountId":"5f6bdff5-5f69-4a11-9ea4-4a06725b8b5c","industry":"Lo9CtnwfOk","lastUpdatedDate":"2022-05-28","locale":"GBP","opportunityId":"51","opportunityName":"opportunity_51","paymentFrequency":"Annually","product1":"Outbound patient message","product2":"Inbound patient message","state1":"Close Won","state2":"Close Won","value1":91,"value2":127}
{"accountId":"320877c9-5958-469e-89dd-2b78e1f579f8","industry":"cS5uFuf6pw","lastUpdatedDate":"2022-05-28","locale":"GBP","opportunityId":"125","opportunityName":"opportunity_125","paymentFrequency":"Monthly","product1":"Outbound patient message","product2":"Inbound patient message","state1":"Lost","state2":"Close Won","value1":105,"value2":150}
{"accountId":"39ce7140-05f9-461b-8793-6315d89110ce","industry":"w7CatCDuam","lastUpdatedDate":"2022-05-28","locale":"GBP","opportunityId":"81","opportunityName":"opportunity_81","paymentFrequency":"Annually","product1":"Outbound patient message","product2":"Inbound patient message","state1":"Close Won","state2":"Lost","value1":98,"value2":61}
{"accountId":"c082f3e6-dce8-42de-99d8-ef0bb01e728f","industry":"DjjHmxgo6g","lastUpdatedDate":"2022-05-28","locale":"GBP","opportunityId":"18","opportunityName":"opportunity_18","paymentFrequency":"Quarterly","product1":"Outbound patient message","product2":"Inbound patient message","state1":"Close Won","state2":"Lost","value1":96,"value2":56}
{"accountId":"e3158c80-0658-4cbf-8770-8e64b457fa10","industry":"GEhgdPsPq0","lastUpdatedDate":"2022-05-28","locale":"GBP","opportunityId":"175","opportunityName":"opportunity_175","paymentFrequency":"Quarterly","product1":"Outbound patient message","product2":"Inbound patient message","state1":"Close Won","state2":"Close Won","value1":110,"value2":60}
{"accountId":"453f4b3a-e47d-4603-b58d-ec0eadce60ee","industry":"iNVna7W6NJ","lastUpdatedDate":"2022-05-28","locale":"GBP","opportunityId":"123","opportunityName":"opportunity_123","paymentFrequency":"Annually","product1":"Outbound patient message","product2":"Inbound patient message","state1":"Close Won","state2":"Close Won","value1":50,"value2":128}
{"accountId":"d64ccb08-68d6-4b3d-aeb5-5d1ea3224496","industry":"xWiukiroxt","lastUpdatedDate":"2022-05-28","locale":"GBP","opportunityId":"184","opportunityName":"opportunity_184","paymentFrequency":"Monthly","product1":"Outbound patient message","product2":"Inbound patient message","state1":"Close Won","state2":"Close Won","value1":148,"value2":139}
{"accountId":"1bed54ca-2319-4d96-b2b9-ca21e34c9974","industry":"7FCMM0E2mG","lastUpdatedDate":"2022-05-28","locale":"GBP","opportunityId":"67","opportunityName":"opportunity_67","paymentFrequency":"Annually","product1":"Outbound patient message","product2":"Inbound patient message","state1":"Close Won","state2":"Close Won","value1":54,"value2":120}
{"accountId":"a0a7bc99-5c3c-44b7-be3d-3902b1e89bbc","industry":"nWreexOtOu","lastUpdatedDate":"2022-05-28","locale":"GBP","opportunityId":"176","opportunityName":"opportunity_176","paymentFrequency":"Annually","product1":"Outbound patient message","product2":"Inbound patient message","state1":"Lost","state2":"Close Won","value1":137,"value2":68}
{"accountId":"69e2fdbc-18a8-47be-83c9-a568b900d484","industry":"lEHENEerDP","lastUpdatedDate":"2022-05-28","locale":"GBP","opportunityId":"183","opportunityName":"opportunity_183","paymentFrequency":"Quarterly","product1":"Outbound patient message","product2":"Inbound patient message","state1":"Lost","state2":"Close Won","value1":79,"value2":62}
{"accountId":"1cab8b98-3774-475d-a40e-9304ccbee2bb","industry":"zwJl0tZIE6","lastUpdatedDate":"2022-05-28","locale":"GBP","opportunityId":"112","opportunityName":"opportunity_112","paymentFrequency":"Quarterly","product1":"Outbound patient message","product2":"Inbound patient message","state1":"Lost","state2":"Close Won","value1":63,"value2":128}
{"accountId":"3388d167-f5d6-4715-992f-e7aeb9dc0a77","industry":"GFNTBlpcts","lastUpdatedDate":"2022-05-28","locale":"GBP","opportunityId":"94","opportunityName":"opportunity_94","paymentFrequency":"Monthly","product1":"Outbound patient message","product2":"Inbound patient message","state1":"Lost","state2":"Close Won","value1":92,"value2":142}
{"accountId":"ef924235-4630-4b97-a599-fc0640004176","industry":"x8vJfzh1j1","lastUpdatedDate":"2022-05-28","locale":"GBP","opportunityId":"71","opportunityName":"opportunity_71","paymentFrequency":"Annually","product1":"Outbound patient message","product2":"Inbound patient message","state1":"Lost","state2":"Close Won","value1":148,"value2":127}
{"accountId":"ef23faf2-6c4e-4d73-a5ad-1cb3cef91a65","industry":"4t609pGmhK","lastUpdatedDate":"2022-05-28","locale":"GBP","opportunityId":"210","opportunityName":"opportunity_210","paymentFrequency":"Annually","product1":"Outbound patient message","product2":"Inbound patient message","state1":"Close Won","state2":"Lost","value1":103,"value2":121}
{"accountId":"e1710833-00ba-4d87-aed4-74bc2ea199f7","industry":"cnDjx5S1TZ","lastUpdatedDate":"2022-05-28","locale":"GBP","opportunityId":"92","opportunityName":"opportunity_92","paymentFrequency":"Quarterly","product1":"Outbound patient message","product2":"Inbound patient message","state1":"Close Won","state2":"Lost","value1":127,"value2":119}
{"accountId":"135e924e-b090-41a4-b8ac-8b1e8aa32b3a","industry":"jCK3oRO4z7","lastUpdatedDate":"2022-05-28","locale":"GBP","opportunityId":"116","opportunityName":"opportunity_116","paymentFrequency":"Monthly","product1":"Outbound patient message","product2":"Inbound patient message","state1":"Close Won","state2":"Lost","value1":127,"value2":136}
{"accountId":"91be6efb-3a7a-413e-a3fc-4f8008db93e6","industry":"kMamYV7r6V","lastUpdatedDate":"2022-05-28","locale":"GBP","opportunityId":"195","opportunityName":"opportunity_195","paymentFrequency":"Annually","product1":"Outbound patient message","product2":"Inbound patient message","state1":"Lost","state2":"Lost","value1":92,"value2":88}
{"accountId":"8966f148-1522-4a73-a813-97c52554fc64","industry":"jjwbn2QzUf","lastUpdatedDate":"2022-05-28","locale":"GBP","opportunityId":"162","opportunityName":"opportunity_162","paymentFrequency":"Quarterly","product1":"Outbound patient message","product2":"Inbound patient message","state1":"Close Won","state2":"Lost","value1":147,"value2":98}
{"accountId":"5d2cb818-ef51-46b5-b10a-c507b30a0eba","industry":"4Z0gAPLXOG","lastUpdatedDate":"2022-05-28","locale":"GBP","opportunityId":"152","opportunityName":"opportunity_152","paymentFrequency":"Monthly","product1":"Outbound patient message","product2":"Inbound patient message","state1":"Close Won","state2":"Lost","value1":102,"value2":68}
{"accountId":"1d39123c-02dd-4a4b-8e28-105cb155c871","industry":"fh5wdcdJG9","lastUpdatedDate":"2022-05-28","locale":"GBP","opportunityId":"82","opportunityName":"opportunity_82","paymentFrequency":"Quarterly","product1":"Outbound patient message","product2":"Inbound patient message","state1":"Close Won","state2":"Lost","value1":121,"value2":142}
{"accountId":"3b93afd1-7bc0-41a1-9519-c632a31658db","industry":"yquzaR2X1p","lastUpdatedDate":"2022-05-28","locale":"GBP","opportunityId":"169","opportunityName":"opportunity_169","paymentFrequency":"Quarterly","product1":"Outbound patient message","product2":"Inbound patient message","state1":"Close Won","state2":"Close Won","value1":65,"value2":120}
{"accountId":"9b2b8cb9-5710-4f40-9944-517dbfb29c9c","industry":"iGnPQk3h1P","lastUpdatedDate":"2022-05-28","locale":"GBP","opportunityId":"113","opportunityName":"opportunity_113","paymentFrequency":"Annually","product1":"Outbound patient message","product2":"Inbound patient message","state1":"Close Won","state2":"Close Won","value1":72,"value2":91}
{"accountId":"54b2a54e-f39a-4762-8791-59cbbd571e01","industry":"94srBLSLR1","lastUpdatedDate":"2022-05-28","locale":"GBP","opportunityId":"179","opportunityName":"opportunity_179","paymentFrequency":"Monthly","product1":"Outbound patient message","product2":"Inbound patient message","state1":"Close Won","state2":"Close Won","value1":129,"value2":62}
