{"accountId":"3726d1ee-f078-4178-94d9-462c8b3a6062","industry":"mTs8MXNV7J","lastUpdatedDate":"2022-12-01","locale":"GBP","opportunityId":"201","opportunityName":"opportunity_201","paymentFrequency":"Annually","product1":"Outbound patient message","product2":"Inbound patient message","state1":"Close Won","state2":"Close Won","value1":57,"value2":146}
{"accountId":"838afb40-07dd-4711-b4a9-cae177a1aa6d","industry":"VOlrflghs4","lastUpdatedDate":"2022-12-01","locale":"GBP","opportunityId":"214","opportunityName":"opportunity_214","paymentFrequency":"Quarterly","product1":"Outbound patient message","product2":"Inbound patient message","state1":"Lost","state2":"Lost","value1":72,"value2":51}
{"accountId":"b955450b-a469-41be-9602-e29e36d29d79","industry":"k6oFLNhpYB","lastUpdatedDate":"2022-12-01","locale":"GBP","opportunityId":"199","opportunityName":"opportunity_199","paymentFrequency":"Monthly","product1":"Outbound patient message","product2":"Inbound patient message","state1":"Close Won","state2":"Close Won","value1":139,"value2":123}
{"accountId":"e1710833-00ba-4d87-aed4-74bc2ea199f7","industry":"cnDjx5S1TZ","lastUpdatedDate":"2022-12-01","locale":"GBP","opportunityId":"223","opportunityName":"opportunity_223","paymentFrequency":"Quarterly","product1":"Outbound patient message","product2":"Inbound patient message","state1":"Close Won","state2":"Close Won","value1":69,"value2":126}
{"accountId":"85becbb2-f093-4594-92f1-485c08b783cf","industry":"ToBgZUsL9P","lastUpdatedDate":"2022-12-01","locale":"GBP","opportunityId":"232","opportunityName":"opportunity_232","paymentFrequency":"Monthly","product1":"Outbound patient message","product2":"Inbound patient message","state1":"","state2":"Close Won","value1":103,"value2":70}
{"accountId":"583f544a-836a-4244-8912-c4c258f85117","industry":"VS3wo8Sprt","lastUpdatedDate":"2022-12-01","locale":"GBP","opportunityId":"248","opportunityName":"opportunity_248","paymentFrequency":"Monthly","product1":"Outbound patient message","product2":"Inbound patient message","state1":"Close Won","state2":"Lost","value1":67,"value2":79}
{"accountId":"bd434a97-25c5-4688-99ef-952f30928017","industry":"sd2IFdlKBz","lastUpdatedDate":"2022-12-01","locale":"GBP","opportunityId":"225","opportunityName":"opportunity_225","paymentFrequency":"Monthly","product1":"Outbound patient message","product2":"Inbound patient message","state1":"Close Won","state2":"Close Won","value1":60,"value2":52}
{"accountId":"2bc555c5-034c-498d-acc0-baf0d3e4418e","industry":"IMCzdfj8mX","lastUpdatedDate":"2022-12-01","locale":"GBP","opportunityId":"252","opportunityName":"opportunity_252","paymentFrequency":"Quarterly","product1":"Outbound patient message","product2":"Inbound patient message","state1":"Close Won","state2":"Close Won","value1":129,"value2":74}
{"accountId":"5f6bdff5-5f69-4a11-9ea4-4a06725b8b5c","industry":"Lo9CtnwfOk","lastUpdatedDate":"2022-12-01","locale":"GBP","opportunityId":"229","opportunityName":"opportunity_229","paymentFrequency":"Annually","product1":"Outbound patient message","product2":"Inbound patient message","state1":"Close Won","state2":"Close Won","value1":50,"value2":94}
{"accountId":"9a4677a2-2a43-4f15-b297-71297c76c5f0","industry":"oLKElvYNMb","lastUpdatedDate":"2022-12-01","locale":"GBP","opportunityId":"269","opportunityName":"opportunity_269","paymentFrequency":"Annually","product1":"Outbound patient message","product2":"Inbound patient message","state1":"Close Won","state2":"Close Won","value1":110,"value2":113}
{"accountId":"135e924e-b090-41a4-b8ac-8b1e8aa32b3a","industry":"jCK3oRO4z7","lastUpdatedDate":"2022-12-01","locale":"GBP","opportunityId":"216","opportunityName":"opportunity_216","paymentFrequency":"Monthly","product1":"Outbound patient message","product2":"Inbound patient message","state1":"Close Won","state2":"Close Won","value1":99,"value2":77}
{"accountId":"a0a7bc99-5c3c-44b7-be3d-3902b1e89bbc","industry":"nWreexOtOu","lastUpdatedDate":"2022-12-01","locale":"GBP","opportunityId":"243","opportunityName":"opportunity_243","paymentFrequency":"Annually","product1":"Outbound patient message","product2":"Inbound patient message","state1":"Close Won","state2":"Close Won","value1":51,"value2":51}
{"accountId":"a13aa975-69f4-43c2-925e-8d35c20b2b51","industry":"klxuLsalQQ","lastUpdatedDate":"2022-12-01","locale":"GBP","opportunityId":"206","opportunityName":"opportunity_206","paymentFrequency":"Annually","product1":"Outbound patient message","product2":"Inbound patient message","state1":"Lost","state2":"Close Won","value1":91,"value2":103}
{"accountId":"897654fe-3588-4355-9b73-de264d0c7a60","industry":"JQvMVygY42","lastUpdatedDate":"2022-12-01","locale":"GBP","opportunityId":"161","opportunityName":"opportunity_161","paymentFrequency":"Annually","product1":"Outbound patient message","product2":"Inbound patient message","state1":"Lost","state2":"Close Won","value1":58,"value2":104}
{"accountId":"c082f3e6-dce8-42de-99d8-ef0bb01e728f","industry":"DjjHmxgo6g","lastUpdatedDate":"2022-12-01","locale":"GBP","opportunityId":"261","opportunityName":"opportunity_261","paymentFrequency":"Quarterly","product1":"Outbound patient message","product2":"Inbound patient message","state1":"Lost","state2":"Close Won","value1":57,"value2":135}
{"accountId":"1d39123c-02dd-4a4b-8e28-105cb155c871","industry":"fh5wdcdJG9","lastUpdatedDate":"2022-12-01","locale":"GBP","opportunityId":"272","opportunityName":"opportunity_272","paymentFrequency":"Quarterly","product1":"Outbound patient message","product2":"Inbound patient message","state1":"Close Won","state2":"","value1":57,"value2":55}
{"accountId":"7b1ffbc2-6f15-4672-b3f8-6bf11bdf367e","industry":"ZpcYe5PlI5","lastUpdatedDate":"2022-12-01","locale":"GBP","opportunityId":"242","opportunityName":"opportunity_242","paymentFrequency":"Quarterly","product1":"Outbound patient message","product2":"Inbound patient message","state1":"Close Won","state2":"Lost","value1":112,"value2":71}
{"accountId":"40792985-b238-4808-8f03-4ccd3fe6fb0a","industry":"lAvJuilzRM","lastUpdatedDate":"2022-12-01","locale":"GBP","opportunityId":"264","opportunityName":"opportunity_264","paymentFrequency":"Annually","product1":"Outbound patient message","product2":"Inbound patient message","state1":"Close Won","state2":"Lost","value1":71,"value2":100}
{"accountId":"e3158c80-0658-4cbf-8770-8e64b457fa10","industry":"GEhgdPsPq0","lastUpdatedDate":"2022-12-01","locale":"GBP","opportunityId":"271","opportunityName":"opportunity_271","paymentFrequency":"Quarterly","product1":"Outbound patient message","product2":"Inbound patient message","state1":"Close Won","state2":"Lost","value1":122,"value2":62}
{"accountId":"9c1ea197-fce2-4bb0-a617-aaa18d12c33c","industry":"Iw4HkfVSwj","lastUpdatedDate":"2022-12-01","locale":"GBP","opportunityId":"259","opportunityName":"opportunity_259","paymentFrequency":"Annually","product1":"Outbound patient message","product2":"Inbound patient message","state1":"Close Won","state2":"Lost","value1":87,"value2":95}
{"accountId":"eaf54617-31cc-4c37-a581-68e5ca4c0d95","industry":"dVKEymf21S","lastUpdatedDate":"2022-12-01","locale":"GBP","opportunityId":"228","opportunityName":"opportunity_228","paymentFrequency":"Annually","product1":"Outbound patient message","product2":"Inbound patient message","state1":"Close Won","state2":"Close Won","value1":72,"value2":64}
