{"accountId":"ce41e35d-7c31-4dc0-819c-001edb7f5c4c","industry":"7Lxj4ZRjAe","lastUpdatedDate":"2022-04-24","locale":"GBP","opportunityId":"87","opportunityName":"opportunity_87","paymentFrequency":"Monthly","product1":"Outbound patient message","product2":"Inbound patient message","state1":"Close Won","state2":"Close Won","value1":51,"value2":85}
{"accountId":"546317ea-2cf9-4141-a4d6-a8dcc1edfa09","industry":"NawqhRDigz","lastUpdatedDate":"2022-04-24","locale":"GBP","opportunityId":"103","opportunityName":"opportunity_103","paymentFrequency":"Quarterly","product1":"Outbound patient message","product2":"Inbound patient message","state1":"Close Won","state2":"Lost","value1":121,"value2":94}
{"accountId":"35c2affd-9250-498f-9479-72c9ea796648","industry":"Ms2jcJhh6o","lastUpdatedDate":"2022-04-24","locale":"GBP","opportunityId":"9","opportunityName":"opportunity_9","paymentFrequency":"Annually","product1":"Outbound patient message","product2":"Inbound patient message","state1":"Lost","state2":"Lost","value1":94,"value2":108}
{"accountId":"a1f9f622-1683-43b6-8747-3660ed67a120","industry":"1tJ4UP7rUU","lastUpdatedDate":"2022-04-24","locale":"GBP","opportunityId":"15","opportunityName":"opportunity_15","paymentFrequency":"Quarterly","product1":"Outbound patient message","product2":"Inbound patient message","state1":"Close Won","state2":"Close Won","value1":123,"value2":128}
{"accountId":"c4e36f6f-bf4c-4e52-bf45-13477890ab9d","industry":"e54tSJSGYV","lastUpdatedDate":"2022-04-24","locale":"GBP","opportunityId":"38","opportunityName":"opportunity_38","paymentFrequency":"Quarterly","product1":"Outbound patient message","product2":"Inbound patient message","state1":"Close Won","state2":"Close Won","value1":88,"value2":130}
{"accountId":"68275770-f794-40d1-8eec-e6a9dea661de","industry":"nZmdT9CvAy","lastUpdatedDate":"2022-04-24","locale":"GBP","opportunityId":"135","opportunityName":"opportunity_135","paymentFrequency":"Quarterly","product1":"Outbound patient message","product2":"Inbound patient message","state1":"Close Won","state2":"Close Won","value1":98,"value2":118}
{"accountId":"3b93afd1-7bc0-41a1-9519-c632a31658db","industry":"yquzaR2X1p","lastUpdatedDate":"2022-04-24","locale":"GBP","opportunityId":"169","opportunityName":"opportunity_169","paymentFrequency":"Quarterly","product1":"Outbound patient message","product2":"Inbound patient message","state1":"Lost","state2":"Close Won","value1":86,"value2":126}
{"accountId":"8831a558-1bd3-4922-8b50-6ead00901d8f","industry":"hRKh9k3SqQ","lastUpdatedDate":"2022-04-24","locale":"GBP","opportunityId":"8","opportunityName":"opportunity_8","paymentFrequency":"Annually","product1":"Outbound patient message","product2":"Inbound patient message","state1":"Lost","state2":"Close Won","value1":97,"value2":59}
{"accountId":"838afb40-07dd-4711-b4a9-cae177a1aa6d","industry":"VOlrflghs4","lastUpdatedDate":"2022-04-24","locale":"GBP","opportunityId":"31","opportunityName":"opportunity_31","paymentFrequency":"Quarterly","product1":"Outbound patient message","product2":"Inbound patient message","state1":"Lost","state2":"Close Won","value1":77,"value2":58}
{"accountId":"54b2a54e-f39a-4762-8791-59cbbd571e01","industry":"94srBLSLR1","lastUpdatedDate":"2022-04-24","locale":"GBP","opportunityId":"80","opportunityName":"opportunity_80","paymentFrequency":"Monthly","product1":"Outbound patient message","product2":"Inbound patient message","state1":"Close Won","state2":"Close Won","value1":79,"value2":85}
{"accountId":"1be28579-851b-45f0-a534-68dced7011eb","industry":"gA4sHWC3Fh","lastUpdatedDate":"2022-04-24","locale":"GBP","opportunityId":"158","opportunityName":"opportunity_158","paymentFrequency":"Annually","product1":"Outbound patient message","product2":"Inbound patient message","state1":"Close Won","state2":"Close Won","value1":143,"value2":94}
{"accountId":"d64ccb08-68d6-4b3d-aeb5-5d1ea3224496","industry":"xWiukiroxt","lastUpdatedDate":"2022-04-24","locale":"GBP","opportunityId":"85","opportunityName":"opportunity_85","paymentFrequency":"Monthly","product1":"Outbound patient message","product2":"Inbound patient message","state1":"Close Won","state2":"Close Won","value1":119,"value2":115}
{"accountId":"c082f3e6-dce8-42de-99d8-ef0bb01e728f","industry":"DjjHmxgo6g","lastUpdatedDate":"2022-04-24","locale":"GBP","opportunityId":"18","opportunityName":"opportunity_18","paymentFrequency":"Quarterly","product1":"Outbound patient message","product2":"Inbound patient message","state1":"Close Won","state2":"Close Won","value1":87,"value2":88}
{"accountId":"9c1ea197-fce2-4bb0-a617-aaa18d12c33c","industry":"Iw4HkfVSwj","lastUpdatedDate":"2022-04-24","locale":"GBP","opportunityId":"177","opportunityName":"opportunity_177","paymentFrequency":"Annually","product1":"Outbound patient message","product2":"Inbound patient message","state1":"Close Won","state2":"Close Won","value1":62,"value2":127}
{"accountId":"4f7b6c83-81c4-4cae-99d5-7c378d3b3a3e","industry":"hAYu4KkISM","lastUpdatedDate":"2022-04-24","locale":"GBP","opportunityId":"111","opportunityName":"opportunity_111","paymentFrequency":"Annually","product1":"Outbound patient message","product2":"Inbound patient message","state1":"Close Won","state2":"Close Won","value1":66,"value2":125}
{"accountId":"5939af6a-9fe1-477d-9f6c-e18b6ff93253","industry":"kRT4oPsY0A","lastUpdatedDate":"2022-04-24","locale":"GBP","opportunityId":"120","opportunityName":"opportunity_120","paymentFrequency":"Monthly","product1":"Outbound patient message","product2":"Inbound patient message","state1":"Close Won","state2":"Close Won","value1":138,"value2":76}
{"accountId":"3388d167-f5d6-4715-992f-e7aeb9dc0a77","industry":"GFNTBlpcts","lastUpdatedDate":"2022-04-24","locale":"GBP","opportunityId":"94","opportunityName":"opportunity_94","paymentFrequency":"Monthly","product1":"Outbound patient message","product2":"Inbound patient message","state1":"Lost","state2":"Close Won","value1":138,"value2":97}
{"accountId":"39ce7140-05f9-461b-8793-6315d89110ce","industry":"w7CatCDuam","lastUpdatedDate":"2022-04-24","locale":"GBP","opportunityId":"81","opportunityName":"opportunity_81","paymentFrequency":"Annually","product1":"Outbound patient message","product2":"Inbound patient message","state1":"Close Won","state2":"Lost","value1":81,"value2":101}
{"accountId":"b955450b-a469-41be-9602-e29e36d29d79","industry":"k6oFLNhpYB","lastUpdatedDate":"2022-04-24","locale":"GBP","opportunityId":"100","opportunityName":"opportunity_100","paymentFrequency":"Monthly","product1":"Outbound patient message","product2":"Inbound patient message","state1":"Lost","state2":"Lost","value1":132,"value2":100}
{"accountId":"3bfa679c-dd05-4739-893e-db2f93adf3cb","industry":"bPWgq3sCNN","lastUpdatedDate":"2022-04-24","locale":"GBP","opportunityId":"69","opportunityName":"opportunity_69","paymentFrequency":"Monthly","product1":"Outbound patient message","product2":"Inbound patient message","state1":"Close Won","state2":"Lost","value1":92,"value2":137}
{"accountId":"772510e7-9565-4485-809a-321bc3e92119","industry":"zzMbLPSSXq","lastUpdatedDate":"2022-04-24","locale":"GBP","opportunityId":"83","opportunityName":"opportunity_83","paymentFrequency":"Quarterly","product1":"Outbound patient message","product2":"Inbound patient message","state1":"Close Won","state2":"Lost","value1":89,"value2":70}
{"accountId":"ef23faf2-6c4e-4d73-a5ad-1cb3cef91a65","industry":"4t609pGmhK","lastUpdatedDate":"2022-04-24","locale":"GBP","opportunityId":"115","opportunityName":"opportunity_115","paymentFrequency":"Annually","product1":"Outbound patient message","product2":"Inbound patient message","state1":"Close Won","state2":"Close Won","value1":106,"value2":128}
{"accountId":"f80b949f-a775-4e5b-9463-c484d2d8e423","industry":"7iBrmp62wl","lastUpdatedDate":"2022-04-24","locale":"GBP","opportunityId":"192","opportunityName":"opportunity_192","paymentFrequency":"Quarterly","product1":"Outbound patient message","product2":"Inbound patient message","state1":"Close Won","state2":"Close Won","value1":143,"value2":115}
{"accountId":"897654fe-3588-4355-9b73-de264d0c7a60","industry":"JQvMVygY42","lastUpdatedDate":"2022-04-24","locale":"GBP","opportunityId":"62","opportunityName":"opportunity_62","paymentFrequency":"Annually","product1":"Outbound patient message","product2":"Inbound patient message","state1":"Close Won","state2":"Close Won","value1":104,"value2":135}
