{"accountId":"85becbb2-f093-4594-92f1-485c08b783cf","industry":"ToBgZUsL9P","lastUpdatedDate":"2022-12-03","locale":"GBP","opportunityId":"232","opportunityName":"opportunity_232","paymentFrequency":"Monthly","product1":"Outbound patient message","product2":"Inbound patient message","state1":"Close Won","state2":"Lost","value1":80,"value2":129}
{"accountId":"9c1ea197-fce2-4bb0-a617-aaa18d12c33c","industry":"Iw4HkfVSwj","lastUpdatedDate":"2022-12-03","locale":"GBP","opportunityId":"259","opportunityName":"opportunity_259","paymentFrequency":"Annually","product1":"Outbound patient message","product2":"Inbound patient message","state1":"Close Won","state2":"Close Won","value1":81,"value2":99}
{"accountId":"40792985-b238-4808-8f03-4ccd3fe6fb0a","industry":"lAvJuilzRM","lastUpdatedDate":"2022-12-03","locale":"GBP","opportunityId":"264","opportunityName":"opportunity_264","paymentFrequency":"Annually","product1":"Outbound patient message","product2":"Inbound patient message","state1":"Lost","state2":"Lost","value1":137,"value2":82}
{"accountId":"1d39123c-02dd-4a4b-8e28-105cb155c871","industry":"fh5wdcdJG9","lastUpdatedDate":"2022-12-03","locale":"GBP","opportunityId":"272","opportunityName":"opportunity_272","paymentFrequency":"Quarterly","product1":"Outbound patient message","product2":"Inbound patient message","state1":"Close Won","state2":"Close Won","value1":79,"value2":91}
{"accountId":"35c2affd-9250-498f-9479-72c9ea796648","industry":"Ms2jcJhh6o","lastUpdatedDate":"2022-12-03","locale":"GBP","opportunityId":"255","opportunityName":"opportunity_255","paymentFrequency":"Annually","product1":"Outbound patient message","product2":"Inbound patient message","state1":"Close Won","state2":"Close Won","value1":148,"value2":79}
{"accountId":"897654fe-3588-4355-9b73-de264d0c7a60","industry":"JQvMVygY42","lastUpdatedDate":"2022-12-03","locale":"GBP","opportunityId":"161","opportunityName":"opportunity_161","paymentFrequency":"Annually","product1":"Outbound patient message","product2":"Inbound patient message","state1":"Close Won","state2":"Close Won","value1":145,"value2":124}
{"accountId":"4fab59ae-6b03-4d36-91ad-68842d9fce83","industry":"QPU4nO35Zs","lastUpdatedDate":"2022-12-03","locale":"GBP","opportunityId":"129","opportunityName":"opportunity_129","paymentFrequency":"Quarterly","product1":"Outbound patient message","product2":"Inbound patient message","state1":"Close Won","state2":"Close Won","value1":89,"value2":107}
{"accountId":"3a5d243f-7c8d-40ec-af3d-571767304e52","industry":"CX59G7lviB","lastUpdatedDate":"2022-12-03","locale":"GBP","opportunityId":"212","opportunityName":"opportunity_212","paymentFrequency":"Annually","product1":"Outbound patient message","product2":"Inbound patient message","state1":"Close Won","state2":"Close Won","value1":54,"value2":78}
{"accountId":"aa3de5cb-466a-4c1e-9b6f-1b81381bad75","industry":"35msD2rvNV","lastUpdatedDate":"2022-12-03","locale":"GBP","opportunityId":"237","opportunityName":"opportunity_237","paymentFrequency":"Annually","product1":"Outbound patient message","product2":"Inbound patient message","state1":"Close Won","state2":"Close Won","value1":120,"value2":51}
{"accountId":"cbbddfef-2757-4451-bde7-1380d6d99144","industry":"JXjmr3hZJm","lastUpdatedDate":"2022-12-03","locale":"GBP","opportunityId":"174","opportunityName":"opportunity_174","paymentFrequency":"Monthly","product1":"Outbound patient message","product2":"Inbound patient message","state1":"Close Won","state2":"Close Won","value1":125,"value2":131}
{"accountId":"9b2b8cb9-5710-4f40-9944-517dbfb29c9c","industry":"iGnPQk3h1P","lastUpdatedDate":"2022-12-03","locale":"GBP","opportunityId":"239","opportunityName":"opportunity_239","paymentFrequency":"Annually","product1":"Outbound patient message","product2":"Inbound patient message","state1":"Close Won","state2":"Close Won","value1":128,"value2":141}
{"accountId":"39ce7140-05f9-461b-8793-6315d89110ce","industry":"w7CatCDuam","lastUpdatedDate":"2022-12-03","locale":"GBP","opportunityId":"247","opportunityName":"opportunity_247","paymentFrequency":"Annually","product1":"Outbound patient message","product2":"Inbound patient message","state1":"Close Won","state2":"Close Won","value1":116,"value2":101}
{"accountId":"40e9aedc-2075-4ab5-8892-cf4599430b0a","industry":"COd75YIHNp","lastUpdatedDate":"2022-12-03","locale":"GBP","opportunityId":"263","opportunityName":"opportunity_263","paymentFrequency":"Annually","product1":"Outbound patient message","product2":"Inbound patient message","state1":"Close Won","state2":"Close Won","value1":143,"value2":141}
{"accountId":"a13aa975-69f4-43c2-925e-8d35c20b2b51","industry":"klxuLsalQQ","lastUpdatedDate":"2022-12-03","locale":"GBP","opportunityId":"206","opportunityName":"opportunity_206","paymentFrequency":"Annually","product1":"Outbound patient message","product2":"Inbound patient message","state1":"Lost","state2":"Close Won","value1":114,"value2":114}
{"accountId":"d64ccb08-68d6-4b3d-aeb5-5d1ea3224496","industry":"xWiukiroxt","lastUpdatedDate":"2022-12-03","locale":"GBP","opportunityId":"262","opportunityName":"opportunity_262","paymentFrequency":"Monthly","product1":"Outbound patient message","product2":"Inbound patient message","state1":"Close Won","state2":"Lost","value1":72,"value2":64}
{"accountId":"8966f148-1522-4a73-a813-97c52554fc64","industry":"jjwbn2QzUf","lastUpdatedDate":"2022-12-03","locale":"GBP","opportunityId":"224","opportunityName":"opportunity_224","paymentFrequency":"Quarterly","product1":"Outbound patient message","product2":"Inbound patient message","state1":"Close Won","state2":"Lost","value1":70,"value2":70}
{"accountId":"5759ede0-3344-45af-b240-76761e7a80cf","industry":"4Rw1ZTRkhO","lastUpdatedDate":"2022-12-03","locale":"GBP","opportunityId":"218","opportunityName":"opportunity_218","paymentFrequency":"Quarterly","product1":"Outbound patient message","product2":"Inbound patient message","state1":"Lost","state2":"Lost","value1":111,"value2":90}
{"accountId":"838afb40-07dd-4711-b4a9-cae177a1aa6d","industry":"VOlrflghs4","lastUpdatedDate":"2022-12-03","locale":"GBP","opportunityId":"214","opportunityName":"opportunity_214","paymentFrequency":"Quarterly","product1":"Outbound patient message","product2":"Inbound patient message","state1":"Lost","state2":"Lost","value1":132,"value2":141}
{"accountId":"dd624ba0-66b1-44fb-b1a6-d7689c048377","industry":"AIF5FfEnrm","lastUpdatedDate":"2022-12-03","locale":"GBP","opportunityId":"266","opportunityName":"opportunity_266","paymentFrequency":"Quarterly","product1":"Outbound patient message","product2":"Inbound patient message","state1":"Lost","state2":"Lost","value1":60,"value2":119}
{"accountId":"e3158c80-0658-4cbf-8770-8e64b457fa10","industry":"GEhgdPsPq0","lastUpdatedDate":"2022-12-03","locale":"GBP","opportunityId":"271","opportunityName":"opportunity_271","paymentFrequency":"Quarterly","product1":"Outbound patient message","product2":"Inbound patient message","state1":"Lost","state2":"Lost","value1":144,"value2":130}
{"accountId":"a0a7bc99-5c3c-44b7-be3d-3902b1e89bbc","industry":"nWreexOtOu","lastUpdatedDate":"2022-12-03","locale":"GBP","opportunityId":"243","opportunityName":"opportunity_243","paymentFrequency":"Annually","product1":"Outbound patient message","product2":"Inbound patient message","state1":"Lost","state2":"Lost","value1":53,"value2":85}
{"accountId":"92288e8b-1e97-4af6-afcd-8c706312b7e4","industry":"CFsXbZQ92P","lastUpdatedDate":"2022-12-03","locale":"GBP","opportunityId":"219","opportunityName":"opportunity_219","paymentFrequency":"Monthly","product1":"Outbound patient message","product2":"Inbound patient message","state1":"Lost","state2":"Lost","value1":102,"value2":147}
{"accountId":"7b1ffbc2-6f15-4672-b3f8-6bf11bdf367e","industry":"ZpcYe5PlI5","lastUpdatedDate":"2022-12-03","locale":"GBP","opportunityId":"242","opportunityName":"opportunity_242","paymentFrequency":"Quarterly","product1":"Outbound patient message","product2":"Inbound patient message","state1":"Lost","state2":"Close Won","value1":57,"value2":92}
{"accountId":"546317ea-2cf9-4141-a4d6-a8dcc1edfa09","industry":"NawqhRDigz","lastUpdatedDate":"2022-12-03","locale":"GBP","opportunityId":"238","opportunityName":"opportunity_238","paymentFrequency":"Quarterly","product1":"Outbound patient message","product2":"Inbound patient message","state1":"Close Won","state2":"Close Won","value1":107,"value2":101}
