{"accountId":"320877c9-5958-469e-89dd-2b78e1f579f8","industry":"cS5uFuf6pw","lastUpdatedDate":"2021-12-15","locale":"GBP","opportunityId":"26","opportunityName":"opportunity_26","paymentFrequency":"Monthly","product1":"Outbound patient message","product2":"Inbound patient message","state1":"Close Won","state2":"Close Won","value1":61,"value2":133}
{"accountId":"1cab8b98-3774-475d-a40e-9304ccbee2bb","industry":"zwJl0tZIE6","lastUpdatedDate":"2021-12-15","locale":"GBP","opportunityId":"13","opportunityName":"opportunity_13","paymentFrequency":"Quarterly","product1":"Outbound patient message","product2":"Inbound patient message","state1":"Lost","state2":"Close Won","value1":140,"value2":107}
{"accountId":"3a5d243f-7c8d-40ec-af3d-571767304e52","industry":"CX59G7lviB","lastUpdatedDate":"2021-12-15","locale":"GBP","opportunityId":"28","opportunityName":"opportunity_28","paymentFrequency":"Annually","product1":"Outbound patient message","product2":"Inbound patient message","state1":"Lost","state2":"Close Won","value1":62,"value2":68}
{"accountId":"35c2affd-9250-498f-9479-72c9ea796648","industry":"Ms2jcJhh6o","lastUpdatedDate":"2021-12-15","locale":"GBP","opportunityId":"9","opportunityName":"opportunity_9","paymentFrequency":"Annually","product1":"Outbound patient message","product2":"Inbound patient message","state1":"Lost","state2":"Close Won","value1":142,"value2":92}
{"accountId":"3726d1ee-f078-4178-94d9-462c8b3a6062","industry":"mTs8MXNV7J","lastUpdatedDate":"2021-12-15","locale":"GBP","opportunityId":"37","opportunityName":"opportunity_37","paymentFrequency":"Annually","product1":"Outbound patient message","product2":"Inbound patient message","state1":"Close Won","state2":"Close Won","value1":118,"value2":130}
{"accountId":"aa3de5cb-466a-4c1e-9b6f-1b81381bad75","industry":"35msD2rvNV","lastUpdatedDate":"2021-12-15","locale":"GBP","opportunityId":"90","opportunityName":"opportunity_90","paymentFrequency":"Annually","product1":"Outbound patient message","product2":"Inbound patient message","state1":"Close Won","state2":"Lost","value1":117,"value2":143}
{"accountId":"85becbb2-f093-4594-92f1-485c08b783cf","industry":"ToBgZUsL9P","lastUpdatedDate":"2021-12-15","locale":"GBP","opportunityId":"89","opportunityName":"opportunity_89","paymentFrequency":"Monthly","product1":"Outbound patient message","product2":"Inbound patient message","state1":"Close Won","state2":"Lost","value1":89,"value2":93}
{"accountId":"3b93afd1-7bc0-41a1-9519-c632a31658db","industry":"yquzaR2X1p","lastUpdatedDate":"2021-12-15","locale":"GBP","opportunityId":"70","opportunityName":"opportunity_70","paymentFrequency":"Quarterly","product1":"Outbound patient message","product2":"Inbound patient message","state1":"Close Won","state2":"Close Won","value1":134,"value2":139}
{"accountId":"e3158c80-0658-4cbf-8770-8e64b457fa10","industry":"GEhgdPsPq0","lastUpdatedDate":"2021-12-15","locale":"GBP","opportunityId":"76","opportunityName":"opportunity_76","paymentFrequency":"Quarterly","product1":"Outbound patient message","product2":"Inbound patient message","state1":"Close Won","state2":"Close Won","value1":118,"value2":51}
{"accountId":"27dcfe28-1c7f-46f0-9ce3-148f3660453e","industry":"z9xQNautz8","lastUpdatedDate":"2021-12-15","locale":"GBP","opportunityId":"79","opportunityName":"opportunity_79","paymentFrequency":"Monthly","product1":"Outbound patient message","product2":"Inbound patient message","state1":"Close Won","state2":"Close Won","value1":111,"value2":51}
{"accountId":"52b62d9d-8ecf-4baf-b6d9-ef122995abd0","industry":"f04ORvSWHX","lastUpdatedDate":"2021-12-15","locale":"GBP","opportunityId":"61","opportunityName":"opportunity_61","paymentFrequency":"Annually","product1":"Outbound patient message","product2":"Inbound patient message","state1":"Close Won","state2":"Close Won","value1":108,"value2":68}
{"accountId":"cbadc59c-c1b7-42d7-a899-ec33e7b963f9","industry":"9gqMhJ25jh","lastUpdatedDate":"2021-12-15","locale":"GBP","opportunityId":"47","opportunityName":"opportunity_47","paymentFrequency":"Quarterly","product1":"Outbound patient message","product2":"Inbound patient message","state1":"Close Won","state2":"Close Won","value1":97,"value2":108}
{"accountId":"0e3cb943-907a-413e-967d-aed8f479ca04","industry":"Ddm5Ek8pg5","lastUpdatedDate":"2021-12-15","locale":"GBP","opportunityId":"33","opportunityName":"opportunity_33","paymentFrequency":"Annually","product1":"Outbound patient message","product2":"Inbound patient message","state1":"Close Won","state2":"Close Won","value1":96,"value2":118}
{"accountId":"4f7b6c83-81c4-4cae-99d5-7c378d3b3a3e","industry":"hAYu4KkISM","lastUpdatedDate":"2021-12-15","locale":"GBP","opportunityId":"12","opportunityName":"opportunity_12","paymentFrequency":"Annually","product1":"Outbound patient message","product2":"Inbound patient message","state1":"Lost","state2":"Close Won","value1":61,"value2":91}
{"accountId":"a0a7bc99-5c3c-44b7-be3d-3902b1e89bbc","industry":"nWreexOtOu","lastUpdatedDate":"2021-12-15","locale":"GBP","opportunityId":"77","opportunityName":"opportunity_77","paymentFrequency":"Annually","product1":"Outbound patient message","product2":"Inbound patient message","state1":"Lost","state2":"Close Won","value1":71,"value2":74}
