{"accountId":"ec0175af-03c6-4f65-8e17-2e3c2e00dab7","industry":"pmZrhjt2j5","lastUpdatedDate":"2021-11-30","locale":"GBP","opportunityId":"23","opportunityName":"opportunity_23","paymentFrequency":"Monthly","product1":"Outbound patient message","product2":"Inbound patient message","state1":"Lost","state2":"Close Won","value1":144,"value2":83}
{"accountId":"a0a7bc99-5c3c-44b7-be3d-3902b1e89bbc","industry":"nWreexOtOu","lastUpdatedDate":"2021-11-30","locale":"GBP","opportunityId":"77","opportunityName":"opportunity_77","paymentFrequency":"Annually","product1":"Outbound patient message","product2":"Inbound patient message","state1":"Close Won","state2":"Close Won","value1":78,"value2":144}
{"accountId":"1be28579-851b-45f0-a534-68dced7011eb","industry":"gA4sHWC3Fh","lastUpdatedDate":"2021-11-30","locale":"GBP","opportunityId":"59","opportunityName":"opportunity_59","paymentFrequency":"Annually","product1":"Outbound patient message","product2":"Inbound patient message","state1":"Close Won","state2":"Close Won","value1":61,"value2":150}
{"accountId":"3a5d243f-7c8d-40ec-af3d-571767304e52","industry":"CX59G7lviB","lastUpdatedDate":"2021-11-30","locale":"GBP","opportunityId":"28","opportunityName":"opportunity_28","paymentFrequency":"Annually","product1":"Outbound patient message","product2":"Inbound patient message","state1":"Close Won","state2":"Close Won","value1":80,"value2":61}
{"accountId":"0e3cb943-907a-413e-967d-aed8f479ca04","industry":"Ddm5Ek8pg5","lastUpdatedDate":"2021-11-30","locale":"GBP","opportunityId":"33","opportunityName":"opportunity_33","paymentFrequency":"Annually","product1":"Outbound patient message","product2":"Inbound patient message","state1":"Close Won","state2":"Close Won","value1":84,"value2":121}
{"accountId":"52b62d9d-8ecf-4baf-b6d9-ef122995abd0","industry":"f04ORvSWHX","lastUpdatedDate":"2021-11-30","locale":"GBP","opportunityId":"61","opportunityName":"opportunity_61","paymentFrequency":"Annually","product1":"Outbound patient message","product2":"Inbound patient message","state1":"Close Won","state2":"Close Won","value1":52,"value2":119}
{"accountId":"e69c4095-58cc-46a8-88b6-e526fe42b603","industry":"bfkmnuBlWE","lastUpdatedDate":"2021-11-30","locale":"GBP","opportunityId":"3","opportunityName":"opportunity_3","paymentFrequency":"Annually","product1":"Outbound patient message","product2":"Inbound patient message","state1":"Lost","state2":"Close Won","value1":84,"value2":79}
{"accountId":"37a846db-767c-46a8-9500-93c9ca667381","industry":"vKh5UT98rV","lastUpdatedDate":"2021-11-30","locale":"GBP","opportunityId":"11","opportunityName":"opportunity_11","paymentFrequency":"Quarterly","product1":"Outbound patient message","product2":"Inbound patient message","state1":"Lost","state2":"Close Won","value1":85,"value2":93}
{"accountId":"3b93afd1-7bc0-41a1-9519-c632a31658db","industry":"yquzaR2X1p","lastUpdatedDate":"2021-11-30","locale":"GBP","opportunityId":"70","opportunityName":"opportunity_70","paymentFrequency":"Quarterly","product1":"Outbound patient message","product2":"Inbound patient message","state1":"Close Won","state2":"Lost","value1":99,"value2":111}
{"accountId":"ef23faf2-6c4e-4d73-a5ad-1cb3cef91a65","industry":"4t609pGmhK","lastUpdatedDate":"2021-11-30","locale":"GBP","opportunityId":"16","opportunityName":"opportunity_16","paymentFrequency":"Annually","product1":"Outbound patient message","product2":"Inbound patient message","state1":"Close Won","state2":"Lost","value1":126,"value2":68}
{"accountId":"e3871ddd-d37d-49f5-92c6-22acbf139565","industry":"12UuQkikMK","lastUpdatedDate":"2021-11-30","locale":"GBP","opportunityId":"20","opportunityName":"opportunity_20","paymentFrequency":"Quarterly","product1":"Outbound patient message","product2":"Inbound patient message","state1":"Close Won","state2":"Lost","value1":108,"value2":79}
