{"accountId":"838afb40-07dd-4711-b4a9-cae177a1aa6d","industry":"VOlrflghs4","lastUpdatedDate":"2022-01-24","locale":"GBP","opportunityId":"31","opportunityName":"opportunity_31","paymentFrequency":"Quarterly","product1":"Outbound patient message","product2":"Inbound patient message","state1":"Close Won","state2":"Lost","value1":118,"value2":63}
{"accountId":"e3871ddd-d37d-49f5-92c6-22acbf139565","industry":"12UuQkikMK","lastUpdatedDate":"2022-01-24","locale":"GBP","opportunityId":"20","opportunityName":"opportunity_20","paymentFrequency":"Quarterly","product1":"Outbound patient message","product2":"Inbound patient message","state1":"Close Won","state2":"Close Won","value1":66,"value2":92}
{"accountId":"d64ccb08-68d6-4b3d-aeb5-5d1ea3224496","industry":"xWiukiroxt","lastUpdatedDate":"2022-01-24","locale":"GBP","opportunityId":"85","opportunityName":"opportunity_85","paymentFrequency":"Monthly","product1":"Outbound patient message","product2":"Inbound patient message","state1":"Lost","state2":"Close Won","value1":100,"value2":61}
{"accountId":"a13aa975-69f4-43c2-925e-8d35c20b2b51","industry":"klxuLsalQQ","lastUpdatedDate":"2022-01-24","locale":"GBP","opportunityId":"49","opportunityName":"opportunity_49","paymentFrequency":"Annually","product1":"Outbound patient message","product2":"Inbound patient message","state1":"Close Won","state2":"Close Won","value1":106,"value2":123}
{"accountId":"52178677-a05c-4417-83af-9c45934c2fef","industry":"gd56n9xR3K","lastUpdatedDate":"2022-01-24","locale":"GBP","opportunityId":"97","opportunityName":"opportunity_97","paymentFrequency":"Quarterly","product1":"Outbound patient message","product2":"Inbound patient message","state1":"Close Won","state2":"Lost","value1":104,"value2":92}
{"accountId":"fed6b838-0148-4681-8040-6924829d8671","industry":"WBzMKUP8Fz","lastUpdatedDate":"2022-01-24","locale":"GBP","opportunityId":"48","opportunityName":"opportunity_48","paymentFrequency":"Annually","product1":"Outbound patient message","product2":"Inbound patient message","state1":"Close Won","state2":"Lost","value1":105,"value2":72}
{"accountId":"35c2affd-9250-498f-9479-72c9ea796648","industry":"Ms2jcJhh6o","lastUpdatedDate":"2022-01-24","locale":"GBP","opportunityId":"9","opportunityName":"opportunity_9","paymentFrequency":"Annually","product1":"Outbound patient message","product2":"Inbound patient message","state1":"Close Won","state2":"Close Won","value1":135,"value2":109}
{"accountId":"320d3e1c-322c-4336-bad1-1b09e69d965e","industry":"W9mvGVjz1H","lastUpdatedDate":"2022-01-24","locale":"GBP","opportunityId":"45","opportunityName":"opportunity_45","paymentFrequency":"Monthly","product1":"Outbound patient message","product2":"Inbound patient message","state1":"Close Won","state2":"Close Won","value1":132,"value2":95}
{"accountId":"9b2b8cb9-5710-4f40-9944-517dbfb29c9c","industry":"iGnPQk3h1P","lastUpdatedDate":"2022-01-24","locale":"GBP","opportunityId":"14","opportunityName":"opportunity_14","paymentFrequency":"Annually","product1":"Outbound patient message","product2":"Inbound patient message","state1":"Close Won","state2":"Close Won","value1":58,"value2":111}
{"accountId":"1bed54ca-2319-4d96-b2b9-ca21e34c9974","industry":"7FCMM0E2mG","lastUpdatedDate":"2022-01-24","locale":"GBP","opportunityId":"67","opportunityName":"opportunity_67","paymentFrequency":"Annually","product1":"Outbound patient message","product2":"Inbound patient message","state1":"Close Won","state2":"Close Won","value1":87,"value2":121}
{"accountId":"772510e7-9565-4485-809a-321bc3e92119","industry":"zzMbLPSSXq","lastUpdatedDate":"2022-01-24","locale":"GBP","opportunityId":"83","opportunityName":"opportunity_83","paymentFrequency":"Quarterly","product1":"Outbound patient message","product2":"Inbound patient message","state1":"Close Won","state2":"Close Won","value1":53,"value2":108}
{"accountId":"3a5d243f-7c8d-40ec-af3d-571767304e52","industry":"CX59G7lviB","lastUpdatedDate":"2022-01-24","locale":"GBP","opportunityId":"28","opportunityName":"opportunity_28","paymentFrequency":"Annually","product1":"Outbound patient message","product2":"Inbound patient message","state1":"Close Won","state2":"Lost","value1":76,"value2":105}
{"accountId":"741eb3dc-1c38-4548-a5ad-5a0c8a1861cd","industry":"dwPWdab1bz","lastUpdatedDate":"2022-01-24","locale":"GBP","opportunityId":"19","opportunityName":"opportunity_19","paymentFrequency":"Quarterly","product1":"Outbound patient message","product2":"Inbound patient message","state1":"Close Won","state2":"Close Won","value1":120,"value2":66}
{"accountId":"e69c4095-58cc-46a8-88b6-e526fe42b603","industry":"bfkmnuBlWE","lastUpdatedDate":"2022-01-24","locale":"GBP","opportunityId":"3","opportunityName":"opportunity_3","paymentFrequency":"Annually","product1":"Outbound patient message","product2":"Inbound patient message","state1":"Lost","state2":"Close Won","value1":111,"value2":138}
{"accountId":"1ed10981-95c9-41e4-8f6c-3f44b921ed5e","industry":"wLPnojO6ii","lastUpdatedDate":"2022-01-24","locale":"GBP","opportunityId":"42","opportunityName":"opportunity_42","paymentFrequency":"Quarterly","product1":"Outbound patient message","product2":"Inbound patient message","state1":"Lost","state2":"Close Won","value1":107,"value2":145}
{"accountId":"e74d27b1-6acd-411a-80de-ee4186abf111","industry":"xiZp369EWL","lastUpdatedDate":"2022-01-24","locale":"GBP","opportunityId":"60","opportunityName":"opportunity_60","paymentFrequency":"Quarterly","product1":"Outbound patient message","product2":"Inbound patient message","state1":"Lost","state2":"Lost","value1":86,"value2":96}
{"accountId":"3727471e-47de-477e-bdeb-2539be7012e2","industry":"JA7Nk3rCiF","lastUpdatedDate":"2022-01-24","locale":"GBP","opportunityId":"98","opportunityName":"opportunity_98","paymentFrequency":"Monthly","product1":"Outbound patient message","product2":"Inbound patient message","state1":"Lost","state2":"Lost","value1":138,"value2":148}
{"accountId":"8966f148-1522-4a73-a813-97c52554fc64","industry":"jjwbn2QzUf","lastUpdatedDate":"2022-01-24","locale":"GBP","opportunityId":"63","opportunityName":"opportunity_63","paymentFrequency":"Quarterly","product1":"Outbound patient message","product2":"Inbound patient message","state1":"Lost","state2":"Lost","value1":147,"value2":140}
{"accountId":"5759ede0-3344-45af-b240-76761e7a80cf","industry":"4Rw1ZTRkhO","lastUpdatedDate":"2022-01-24","locale":"GBP","opportunityId":"39","opportunityName":"opportunity_39","paymentFrequency":"Quarterly","product1":"Outbound patient message","product2":"Inbound patient message","state1":"Close Won","state2":"Lost","value1":144,"value2":86}
{"accountId":"3bfa679c-dd05-4739-893e-db2f93adf3cb","industry":"bPWgq3sCNN","lastUpdatedDate":"2022-01-24","locale":"GBP","opportunityId":"69","opportunityName":"opportunity_69","paymentFrequency":"Monthly","product1":"Outbound patient message","product2":"Inbound patient message","state1":"Lost","state2":"Close Won","value1":66,"value2":96}
{"accountId":"68275770-f794-40d1-8eec-e6a9dea661de","industry":"nZmdT9CvAy","lastUpdatedDate":"2022-01-24","locale":"GBP","opportunityId":"36","opportunityName":"opportunity_36","paymentFrequency":"Quarterly","product1":"Outbound patient message","product2":"Inbound patient message","state1":"Lost","state2":"Close Won","value1":90,"value2":80}
{"accountId":"4f7b6c83-81c4-4cae-99d5-7c378d3b3a3e","industry":"hAYu4KkISM","lastUpdatedDate":"2022-01-24","locale":"GBP","opportunityId":"12","opportunityName":"opportunity_12","paymentFrequency":"Annually","product1":"Outbound patient message","product2":"Inbound patient message","state1":"Lost","state2":"Close Won","value1":120,"value2":85}
{"accountId":"37a846db-767c-46a8-9500-93c9ca667381","industry":"vKh5UT98rV","lastUpdatedDate":"2022-01-24","locale":"GBP","opportunityId":"11","opportunityName":"opportunity_11","paymentFrequency":"Quarterly","product1":"Outbound patient message","product2":"Inbound patient message","state1":"Close Won","state2":"Close Won","value1":99,"value2":147}
{"accountId":"40792985-b238-4808-8f03-4ccd3fe6fb0a","industry":"lAvJuilzRM","lastUpdatedDate":"2022-01-24","locale":"GBP","opportunityId":"32","opportunityName":"opportunity_32","paymentFrequency":"Annually","product1":"Outbound patient message","product2":"Inbound patient message","state1":"Close Won","state2":"Close Won","value1":97,"value2":146}
{"accountId":"5d2cb818-ef51-46b5-b10a-c507b30a0eba","industry":"4Z0gAPLXOG","lastUpdatedDate":"2022-01-24","locale":"GBP","opportunityId":"53","opportunityName":"opportunity_53","paymentFrequency":"Monthly","product1":"Outbound patient message","product2":"Inbound patient message","state1":"Close Won","state2":"Close Won","value1":104,"value2":144}
