{"accountId":"1be28579-851b-45f0-a534-68dced7011eb","industry":"gA4sHWC3Fh","lastUpdatedDate":"2021-09-27","locale":"GBP","opportunityId":"59","opportunityName":"opportunity_59","paymentFrequency":"Annually","product1":"Outbound patient message","product2":"Inbound patient message","state1":"Close Won","state2":"Close Won","value1":111,"value2":136}
{"accountId":"52b62d9d-8ecf-4baf-b6d9-ef122995abd0","industry":"f04ORvSWHX","lastUpdatedDate":"2021-09-27","locale":"GBP","opportunityId":"61","opportunityName":"opportunity_61","paymentFrequency":"Annually","product1":"Outbound patient message","product2":"Inbound patient message","state1":"Lost","state2":"Lost","value1":147,"value2":96}
