{"accountId":"b23bb8cf-c0e4-4f68-9009-5fd0771bd742","industry":"V6T8n1TxbE","lastUpdatedDate":"2022-07-17","locale":"GBP","opportunityId":"25","opportunityName":"opportunity_25","paymentFrequency":"Annually","product1":"Outbound patient message","product2":"Inbound patient message","state1":"Close Won","state2":"Close Won","value1":127,"value2":136}
{"accountId":"5759ede0-3344-45af-b240-76761e7a80cf","industry":"4Rw1ZTRkhO","lastUpdatedDate":"2022-07-17","locale":"GBP","opportunityId":"138","opportunityName":"opportunity_138","paymentFrequency":"Quarterly","product1":"Outbound patient message","product2":"Inbound patient message","state1":"Lost","state2":"Close Won","value1":72,"value2":83}
{"accountId":"171d317d-b4be-4317-be1f-ec39367e61d6","industry":"TdCHNJwJQd","lastUpdatedDate":"2022-07-17","locale":"GBP","opportunityId":"213","opportunityName":"opportunity_213","paymentFrequency":"Quarterly","product1":"Outbound patient message","product2":"Inbound patient message","state1":"Close Won","state2":"Lost","value1":50,"value2":134}
{"accountId":"ba2b230e-3000-4ffe-b9b2-3a9053a295af","industry":"hLQjQmKaBJ","lastUpdatedDate":"2022-07-17","locale":"GBP","opportunityId":"35","opportunityName":"opportunity_35","paymentFrequency":"Annually","product1":"Outbound patient message","product2":"Inbound patient message","state1":"Lost","state2":"Lost","value1":140,"value2":90}
{"accountId":"675be342-58e8-4bcb-b2c8-325852835000","industry":"90Nr8hVlQc","lastUpdatedDate":"2022-07-17","locale":"GBP","opportunityId":"156","opportunityName":"opportunity_156","paymentFrequency":"Monthly","product1":"Outbound patient message","product2":"Inbound patient message","state1":"Close Won","state2":"Close Won","value1":96,"value2":78}
{"accountId":"320d3e1c-322c-4336-bad1-1b09e69d965e","industry":"W9mvGVjz1H","lastUpdatedDate":"2022-07-17","locale":"GBP","opportunityId":"144","opportunityName":"opportunity_144","paymentFrequency":"Monthly","product1":"Outbound patient message","product2":"Inbound patient message","state1":"Close Won","state2":"Close Won","value1":66,"value2":110}
{"accountId":"8831a558-1bd3-4922-8b50-6ead00901d8f","industry":"hRKh9k3SqQ","lastUpdatedDate":"2022-07-17","locale":"GBP","opportunityId":"8","opportunityName":"opportunity_8","paymentFrequency":"Annually","product1":"Outbound patient message","product2":"Inbound patient message","state1":"Close Won","state2":"Close Won","value1":107,"value2":58}
{"accountId":"3388d167-f5d6-4715-992f-e7aeb9dc0a77","industry":"GFNTBlpcts","lastUpdatedDate":"2022-07-17","locale":"GBP","opportunityId":"94","opportunityName":"opportunity_94","paymentFrequency":"Monthly","product1":"Outbound patient message","product2":"Inbound patient message","state1":"Close Won","state2":"Close Won","value1":57,"value2":120}
{"accountId":"37a846db-767c-46a8-9500-93c9ca667381","industry":"vKh5UT98rV","lastUpdatedDate":"2022-07-17","locale":"GBP","opportunityId":"234","opportunityName":"opportunity_234","paymentFrequency":"Quarterly","product1":"Outbound patient message","product2":"Inbound patient message","state1":"Close Won","state2":"Close Won","value1":126,"value2":118}
{"accountId":"997f5344-da76-4bf2-a579-c9b7aa69f53a","industry":"74MKFJJb0g","lastUpdatedDate":"2022-07-17","locale":"GBP","opportunityId":"126","opportunityName":"opportunity_126","paymentFrequency":"Monthly","product1":"Outbound patient message","product2":"Inbound patient message","state1":"Lost","state2":"Close Won","value1":138,"value2":82}
{"accountId":"546317ea-2cf9-4141-a4d6-a8dcc1edfa09","industry":"NawqhRDigz","lastUpdatedDate":"2022-07-17","locale":"GBP","opportunityId":"103","opportunityName":"opportunity_103","paymentFrequency":"Quarterly","product1":"Outbound patient message","product2":"Inbound patient message","state1":"Lost","state2":"Close Won","value1":132,"value2":129}
{"accountId":"5d2cb818-ef51-46b5-b10a-c507b30a0eba","industry":"4Z0gAPLXOG","lastUpdatedDate":"2022-07-17","locale":"GBP","opportunityId":"152","opportunityName":"opportunity_152","paymentFrequency":"Monthly","product1":"Outbound patient message","product2":"Inbound patient message","state1":"Lost","state2":"Close Won","value1":126,"value2":106}
{"accountId":"8966f148-1522-4a73-a813-97c52554fc64","industry":"jjwbn2QzUf","lastUpdatedDate":"2022-07-17","locale":"GBP","opportunityId":"162","opportunityName":"opportunity_162","paymentFrequency":"Quarterly","product1":"Outbound patient message","product2":"Inbound patient message","state1":"Close Won","state2":"Lost","value1":92,"value2":89}
{"accountId":"85becbb2-f093-4594-92f1-485c08b783cf","industry":"ToBgZUsL9P","lastUpdatedDate":"2022-07-17","locale":"GBP","opportunityId":"188","opportunityName":"opportunity_188","paymentFrequency":"Monthly","product1":"Outbound patient message","product2":"Inbound patient message","state1":"Close Won","state2":"Lost","value1":132,"value2":103}
{"accountId":"741eb3dc-1c38-4548-a5ad-5a0c8a1861cd","industry":"dwPWdab1bz","lastUpdatedDate":"2022-07-17","locale":"GBP","opportunityId":"245","opportunityName":"opportunity_245","paymentFrequency":"Quarterly","product1":"Outbound patient message","product2":"Inbound patient message","state1":"Close Won","state2":"Close Won","value1":94,"value2":96}
{"accountId":"a1f9f622-1683-43b6-8747-3660ed67a120","industry":"1tJ4UP7rUU","lastUpdatedDate":"2022-07-17","locale":"GBP","opportunityId":"15","opportunityName":"opportunity_15","paymentFrequency":"Quarterly","product1":"Outbound patient message","product2":"Inbound patient message","state1":"Close Won","state2":"Close Won","value1":131,"value2":75}
{"accountId":"838afb40-07dd-4711-b4a9-cae177a1aa6d","industry":"VOlrflghs4","lastUpdatedDate":"2022-07-17","locale":"GBP","opportunityId":"130","opportunityName":"opportunity_130","paymentFrequency":"Quarterly","product1":"Outbound patient message","product2":"Inbound patient message","state1":"Close Won","state2":"Close Won","value1":98,"value2":121}
{"accountId":"3727471e-47de-477e-bdeb-2539be7012e2","industry":"JA7Nk3rCiF","lastUpdatedDate":"2022-07-17","locale":"GBP","opportunityId":"197","opportunityName":"opportunity_197","paymentFrequency":"Monthly","product1":"Outbound patient message","product2":"Inbound patient message","state1":"Close Won","state2":"Close Won","value1":132,"value2":92}
{"accountId":"5939af6a-9fe1-477d-9f6c-e18b6ff93253","industry":"kRT4oPsY0A","lastUpdatedDate":"2022-07-17","locale":"GBP","opportunityId":"268","opportunityName":"opportunity_268","paymentFrequency":"Monthly","product1":"Outbound patient message","product2":"Inbound patient message","state1":"Close Won","state2":"Close Won","value1":135,"value2":115}
{"accountId":"aa3de5cb-466a-4c1e-9b6f-1b81381bad75","industry":"35msD2rvNV","lastUpdatedDate":"2022-07-17","locale":"GBP","opportunityId":"189","opportunityName":"opportunity_189","paymentFrequency":"Annually","product1":"Outbound patient message","product2":"Inbound patient message","state1":"Close Won","state2":"Close Won","value1":88,"value2":80}
{"accountId":"ef23faf2-6c4e-4d73-a5ad-1cb3cef91a65","industry":"4t609pGmhK","lastUpdatedDate":"2022-07-17","locale":"GBP","opportunityId":"210","opportunityName":"opportunity_210","paymentFrequency":"Annually","product1":"Outbound patient message","product2":"Inbound patient message","state1":"Lost","state2":"Close Won","value1":64,"value2":106}
{"accountId":"eaf54617-31cc-4c37-a581-68e5ca4c0d95","industry":"dVKEymf21S","lastUpdatedDate":"2022-07-17","locale":"GBP","opportunityId":"187","opportunityName":"opportunity_187","paymentFrequency":"Annually","product1":"Outbound patient message","product2":"Inbound patient message","state1":"Close Won","state2":"Lost","value1":143,"value2":57}
{"accountId":"00effb03-ebfd-443d-a08e-588421347c65","industry":"W1L9Q8NmSX","lastUpdatedDate":"2022-07-17","locale":"GBP","opportunityId":"233","opportunityName":"opportunity_233","paymentFrequency":"Annually","product1":"Outbound patient message","product2":"Inbound patient message","state1":"Close Won","state2":"Lost","value1":74,"value2":58}
{"accountId":"a0a7bc99-5c3c-44b7-be3d-3902b1e89bbc","industry":"nWreexOtOu","lastUpdatedDate":"2022-07-17","locale":"GBP","opportunityId":"176","opportunityName":"opportunity_176","paymentFrequency":"Annually","product1":"Outbound patient message","product2":"Inbound patient message","state1":"Lost","state2":"Lost","value1":110,"value2":120}
{"accountId":"135e924e-b090-41a4-b8ac-8b1e8aa32b3a","industry":"jCK3oRO4z7","lastUpdatedDate":"2022-07-17","locale":"GBP","opportunityId":"116","opportunityName":"opportunity_116","paymentFrequency":"Monthly","product1":"Outbound patient message","product2":"Inbound patient message","state1":"Close Won","state2":"Lost","value1":61,"value2":143}
{"accountId":"d545968d-093f-41c8-b436-b37a2635778c","industry":"MKTavbWBfX","lastUpdatedDate":"2022-07-17","locale":"GBP","opportunityId":"257","opportunityName":"opportunity_257","paymentFrequency":"Quarterly","product1":"Outbound patient message","product2":"Inbound patient message","state1":"Close Won","state2":"Close Won","value1":97,"value2":133}
{"accountId":"35c2affd-9250-498f-9479-72c9ea796648","industry":"Ms2jcJhh6o","lastUpdatedDate":"2022-07-17","locale":"GBP","opportunityId":"108","opportunityName":"opportunity_108","paymentFrequency":"Annually","product1":"Outbound patient message","product2":"Inbound patient message","state1":"Close Won","state2":"Close Won","value1":60,"value2":149}
