{"accountId":"f8a5e497-a60e-47ef-9b4a-046649dd412c","industry":"iJ1hBFdXkj","lastUpdatedDate":"2022-04-17","locale":"GBP","opportunityId":"56","opportunityName":"opportunity_56","paymentFrequency":"Quarterly","product1":"Outbound patient message","product2":"Inbound patient message","state1":"Close Won","state2":"Close Won","value1":98,"value2":54}
{"accountId":"8f780e3a-9391-4f2a-a3f5-81648b3c8e72","industry":"8gM5zD8MgN","lastUpdatedDate":"2022-04-17","locale":"GBP","opportunityId":"34","opportunityName":"opportunity_34","paymentFrequency":"Quarterly","product1":"Outbound patient message","product2":"Inbound patient message","state1":"Lost","state2":"Close Won","value1":79,"value2":142}
{"accountId":"8966f148-1522-4a73-a813-97c52554fc64","industry":"jjwbn2QzUf","lastUpdatedDate":"2022-04-17","locale":"GBP","opportunityId":"162","opportunityName":"opportunity_162","paymentFrequency":"Quarterly","product1":"Outbound patient message","product2":"Inbound patient message","state1":"Close Won","state2":"Close Won","value1":145,"value2":114}
{"accountId":"2bc555c5-034c-498d-acc0-baf0d3e4418e","industry":"IMCzdfj8mX","lastUpdatedDate":"2022-04-17","locale":"GBP","opportunityId":"6","opportunityName":"opportunity_6","paymentFrequency":"Quarterly","product1":"Outbound patient message","product2":"Inbound patient message","state1":"Close Won","state2":"Close Won","value1":137,"value2":76}
{"accountId":"6ab66ca9-0d74-432d-ab0b-15b70a682953","industry":"J2SVgOaB7h","lastUpdatedDate":"2022-04-17","locale":"GBP","opportunityId":"66","opportunityName":"opportunity_66","paymentFrequency":"Quarterly","product1":"Outbound patient message","product2":"Inbound patient message","state1":"Close Won","state2":"Close Won","value1":108,"value2":106}
{"accountId":"3a5d243f-7c8d-40ec-af3d-571767304e52","industry":"CX59G7lviB","lastUpdatedDate":"2022-04-17","locale":"GBP","opportunityId":"28","opportunityName":"opportunity_28","paymentFrequency":"Annually","product1":"Outbound patient message","product2":"Inbound patient message","state1":"Lost","state2":"Close Won","value1":90,"value2":148}
{"accountId":"fed6b838-0148-4681-8040-6924829d8671","industry":"WBzMKUP8Fz","lastUpdatedDate":"2022-04-17","locale":"GBP","opportunityId":"48","opportunityName":"opportunity_48","paymentFrequency":"Annually","product1":"Outbound patient message","product2":"Inbound patient message","state1":"Close Won","state2":"Close Won","value1":133,"value2":63}
{"accountId":"40e9aedc-2075-4ab5-8892-cf4599430b0a","industry":"COd75YIHNp","lastUpdatedDate":"2022-04-17","locale":"GBP","opportunityId":"164","opportunityName":"opportunity_164","paymentFrequency":"Annually","product1":"Outbound patient message","product2":"Inbound patient message","state1":"Close Won","state2":"Close Won","value1":71,"value2":82}
{"accountId":"bbf550ee-b719-4dca-b364-0cf2659cc154","industry":"qwEyD9fuaa","lastUpdatedDate":"2022-04-17","locale":"GBP","opportunityId":"46","opportunityName":"opportunity_46","paymentFrequency":"Monthly","product1":"Outbound patient message","product2":"Inbound patient message","state1":"Close Won","state2":"Close Won","value1":139,"value2":96}
{"accountId":"741eb3dc-1c38-4548-a5ad-5a0c8a1861cd","industry":"dwPWdab1bz","lastUpdatedDate":"2022-04-17","locale":"GBP","opportunityId":"118","opportunityName":"opportunity_118","paymentFrequency":"Quarterly","product1":"Outbound patient message","product2":"Inbound patient message","state1":"Lost","state2":"Close Won","value1":82,"value2":113}
{"accountId":"709bd593-9e6f-4255-9da2-38eff2a29e53","industry":"AJ5P2x94sZ","lastUpdatedDate":"2022-04-17","locale":"GBP","opportunityId":"7","opportunityName":"opportunity_7","paymentFrequency":"Annually","product1":"Outbound patient message","product2":"Inbound patient message","state1":"Lost","state2":"Close Won","value1":82,"value2":70}
{"accountId":"eaf54617-31cc-4c37-a581-68e5ca4c0d95","industry":"dVKEymf21S","lastUpdatedDate":"2022-04-17","locale":"GBP","opportunityId":"88","opportunityName":"opportunity_88","paymentFrequency":"Annually","product1":"Outbound patient message","product2":"Inbound patient message","state1":"Lost","state2":"Close Won","value1":110,"value2":128}
{"accountId":"171d317d-b4be-4317-be1f-ec39367e61d6","industry":"TdCHNJwJQd","lastUpdatedDate":"2022-04-17","locale":"GBP","opportunityId":"121","opportunityName":"opportunity_121","paymentFrequency":"Quarterly","product1":"Outbound patient message","product2":"Inbound patient message","state1":"Lost","state2":"Close Won","value1":96,"value2":82}
{"accountId":"5759ede0-3344-45af-b240-76761e7a80cf","industry":"4Rw1ZTRkhO","lastUpdatedDate":"2022-04-17","locale":"GBP","opportunityId":"138","opportunityName":"opportunity_138","paymentFrequency":"Quarterly","product1":"Outbound patient message","product2":"Inbound patient message","state1":"Lost","state2":"Close Won","value1":111,"value2":125}
{"accountId":"aaed25b2-62d4-4522-ac30-542e242f5c55","industry":"B71F07zsZh","lastUpdatedDate":"2022-04-17","locale":"GBP","opportunityId":"167","opportunityName":"opportunity_167","paymentFrequency":"Quarterly","product1":"Outbound patient message","product2":"Inbound patient message","state1":"Lost","state2":"Lost","value1":75,"value2":79}
{"accountId":"cbbddfef-2757-4451-bde7-1380d6d99144","industry":"JXjmr3hZJm","lastUpdatedDate":"2022-04-17","locale":"GBP","opportunityId":"75","opportunityName":"opportunity_75","paymentFrequency":"Monthly","product1":"Outbound patient message","product2":"Inbound patient message","state1":"Close Won","state2":"Close Won","value1":53,"value2":60}
{"accountId":"3bfa679c-dd05-4739-893e-db2f93adf3cb","industry":"bPWgq3sCNN","lastUpdatedDate":"2022-04-17","locale":"GBP","opportunityId":"69","opportunityName":"opportunity_69","paymentFrequency":"Monthly","product1":"Outbound patient message","product2":"Inbound patient message","state1":"Close Won","state2":"Close Won","value1":129,"value2":96}
{"accountId":"40792985-b238-4808-8f03-4ccd3fe6fb0a","industry":"lAvJuilzRM","lastUpdatedDate":"2022-04-17","locale":"GBP","opportunityId":"32","opportunityName":"opportunity_32","paymentFrequency":"Annually","product1":"Outbound patient message","product2":"Inbound patient message","state1":"Close Won","state2":"Close Won","value1":105,"value2":97}
{"accountId":"00effb03-ebfd-443d-a08e-588421347c65","industry":"W1L9Q8NmSX","lastUpdatedDate":"2022-04-17","locale":"GBP","opportunityId":"128","opportunityName":"opportunity_128","paymentFrequency":"Annually","product1":"Outbound patient message","product2":"Inbound patient message","state1":"Close Won","state2":"Close Won","value1":101,"value2":57}
{"accountId":"91be6efb-3a7a-413e-a3fc-4f8008db93e6","industry":"kMamYV7r6V","lastUpdatedDate":"2022-04-17","locale":"GBP","opportunityId":"96","opportunityName":"opportunity_96","paymentFrequency":"Annually","product1":"Outbound patient message","product2":"Inbound patient message","state1":"Close Won","state2":"Close Won","value1":65,"value2":68}
{"accountId":"35c2affd-9250-498f-9479-72c9ea796648","industry":"Ms2jcJhh6o","lastUpdatedDate":"2022-04-17","locale":"GBP","opportunityId":"9","opportunityName":"opportunity_9","paymentFrequency":"Annually","product1":"Outbound patient message","product2":"Inbound patient message","state1":"Close Won","state2":"Close Won","value1":63,"value2":121}
{"accountId":"37a846db-767c-46a8-9500-93c9ca667381","industry":"vKh5UT98rV","lastUpdatedDate":"2022-04-17","locale":"GBP","opportunityId":"110","opportunityName":"opportunity_110","paymentFrequency":"Quarterly","product1":"Outbound patient message","product2":"Inbound patient message","state1":"Close Won","state2":"Close Won","value1":90,"value2":56}
{"accountId":"9a4677a2-2a43-4f15-b297-71297c76c5f0","industry":"oLKElvYNMb","lastUpdatedDate":"2022-04-17","locale":"GBP","opportunityId":"55","opportunityName":"opportunity_55","paymentFrequency":"Annually","product1":"Outbound patient message","product2":"Inbound patient message","state1":"Close Won","state2":"Close Won","value1":61,"value2":127}
{"accountId":"ce90971c-c3b9-4989-98b5-301930d744ea","industry":"2cU0cwuPDl","lastUpdatedDate":"2022-04-17","locale":"GBP","opportunityId":"10","opportunityName":"opportunity_10","paymentFrequency":"Monthly","product1":"Outbound patient message","product2":"Inbound patient message","state1":"Lost","state2":"Close Won","value1":61,"value2":67}
{"accountId":"69e2fdbc-18a8-47be-83c9-a568b900d484","industry":"lEHENEerDP","lastUpdatedDate":"2022-04-17","locale":"GBP","opportunityId":"183","opportunityName":"opportunity_183","paymentFrequency":"Quarterly","product1":"Outbound patient message","product2":"Inbound patient message","state1":"Lost","state2":"Close Won","value1":68,"value2":116}
{"accountId":"675be342-58e8-4bcb-b2c8-325852835000","industry":"90Nr8hVlQc","lastUpdatedDate":"2022-04-17","locale":"GBP","opportunityId":"156","opportunityName":"opportunity_156","paymentFrequency":"Monthly","product1":"Outbound patient message","product2":"Inbound patient message","state1":"Lost","state2":"Close Won","value1":126,"value2":124}
{"accountId":"44ea9a7c-a897-4bff-8105-477143da33b8","industry":"VHKDp5wva4","lastUpdatedDate":"2022-04-17","locale":"GBP","opportunityId":"44","opportunityName":"opportunity_44","paymentFrequency":"Monthly","product1":"Outbound patient message","product2":"Inbound patient message","state1":"Close Won","state2":"Lost","value1":79,"value2":148}
{"accountId":"ef23faf2-6c4e-4d73-a5ad-1cb3cef91a65","industry":"4t609pGmhK","lastUpdatedDate":"2022-04-17","locale":"GBP","opportunityId":"115","opportunityName":"opportunity_115","paymentFrequency":"Annually","product1":"Outbound patient message","product2":"Inbound patient message","state1":"Lost","state2":"Lost","value1":75,"value2":96}
{"accountId":"c4e36f6f-bf4c-4e52-bf45-13477890ab9d","industry":"e54tSJSGYV","lastUpdatedDate":"2022-04-17","locale":"GBP","opportunityId":"38","opportunityName":"opportunity_38","paymentFrequency":"Quarterly","product1":"Outbound patient message","product2":"Inbound patient message","state1":"Close Won","state2":"Lost","value1":110,"value2":63}
{"accountId":"453f4b3a-e47d-4603-b58d-ec0eadce60ee","industry":"iNVna7W6NJ","lastUpdatedDate":"2022-04-17","locale":"GBP","opportunityId":"24","opportunityName":"opportunity_24","paymentFrequency":"Annually","product1":"Outbound patient message","product2":"Inbound patient message","state1":"Lost","state2":"Close Won","value1":81,"value2":128}
{"accountId":"8af506e5-7ddf-47fb-822e-520d8edd2250","industry":"jOdMUjzHRY","lastUpdatedDate":"2022-04-17","locale":"GBP","opportunityId":"157","opportunityName":"opportunity_157","paymentFrequency":"Quarterly","product1":"Outbound patient message","product2":"Inbound patient message","state1":"Close Won","state2":"Close Won","value1":121,"value2":66}
