{"accountId":"e69c4095-58cc-46a8-88b6-e526fe42b603","industry":"bfkmnuBlWE","lastUpdatedDate":"2021-10-13","locale":"GBP","opportunityId":"3","opportunityName":"opportunity_3","paymentFrequency":"Annually","product1":"Outbound patient message","product2":"Inbound patient message","state1":"Lost","state2":"Close Won","value1":64,"value2":75}
{"accountId":"1be28579-851b-45f0-a534-68dced7011eb","industry":"gA4sHWC3Fh","lastUpdatedDate":"2021-10-13","locale":"GBP","opportunityId":"59","opportunityName":"opportunity_59","paymentFrequency":"Annually","product1":"Outbound patient message","product2":"Inbound patient message","state1":"Close Won","state2":"Close Won","value1":88,"value2":131}
{"accountId":"37a846db-767c-46a8-9500-93c9ca667381","industry":"vKh5UT98rV","lastUpdatedDate":"2021-10-13","locale":"GBP","opportunityId":"11","opportunityName":"opportunity_11","paymentFrequency":"Quarterly","product1":"Outbound patient message","product2":"Inbound patient message","state1":"Close Won","state2":"Close Won","value1":145,"value2":82}
