{"accountId":"92288e8b-1e97-4af6-afcd-8c706312b7e4","industry":"CFsXbZQ92P","lastUpdatedDate":"2022-10-10","locale":"GBP","opportunityId":"153","opportunityName":"opportunity_153","paymentFrequency":"Monthly","product1":"Outbound patient message","product2":"Inbound patient message","state1":"Close Won","state2":"Close Won","value1":146,"value2":96}
{"accountId":"b955450b-a469-41be-9602-e29e36d29d79","industry":"k6oFLNhpYB","lastUpdatedDate":"2022-10-10","locale":"GBP","opportunityId":"199","opportunityName":"opportunity_199","paymentFrequency":"Monthly","product1":"Outbound patient message","product2":"Inbound patient message","state1":"Close Won","state2":"Close Won","value1":65,"value2":112}
{"accountId":"54b2a54e-f39a-4762-8791-59cbbd571e01","industry":"94srBLSLR1","lastUpdatedDate":"2022-10-10","locale":"GBP","opportunityId":"273","opportunityName":"opportunity_273","paymentFrequency":"Monthly","product1":"Outbound patient message","product2":"Inbound patient message","state1":"Lost","state2":"Close Won","value1":131,"value2":146}
{"accountId":"320877c9-5958-469e-89dd-2b78e1f579f8","industry":"cS5uFuf6pw","lastUpdatedDate":"2022-10-10","locale":"GBP","opportunityId":"240","opportunityName":"opportunity_240","paymentFrequency":"Monthly","product1":"Outbound patient message","product2":"Inbound patient message","state1":"Close Won","state2":"Close Won","value1":81,"value2":59}
{"accountId":"fbbb6227-556f-4a77-8c35-88f41006db11","industry":"Mkf48WVyIB","lastUpdatedDate":"2022-10-10","locale":"GBP","opportunityId":"172","opportunityName":"opportunity_172","paymentFrequency":"Monthly","product1":"Outbound patient message","product2":"Inbound patient message","state1":"Close Won","state2":"Close Won","value1":123,"value2":141}
{"accountId":"3726d1ee-f078-4178-94d9-462c8b3a6062","industry":"mTs8MXNV7J","lastUpdatedDate":"2022-10-10","locale":"GBP","opportunityId":"201","opportunityName":"opportunity_201","paymentFrequency":"Annually","product1":"Outbound patient message","product2":"Inbound patient message","state1":"Close Won","state2":"Close Won","value1":102,"value2":51}
{"accountId":"38f11446-3b22-4640-865f-e2b66e8abd3b","industry":"vYIcUNlA9R","lastUpdatedDate":"2022-10-10","locale":"GBP","opportunityId":"244","opportunityName":"opportunity_244","paymentFrequency":"Quarterly","product1":"Outbound patient message","product2":"Inbound patient message","state1":"Close Won","state2":"Lost","value1":137,"value2":116}
{"accountId":"d64ccb08-68d6-4b3d-aeb5-5d1ea3224496","industry":"xWiukiroxt","lastUpdatedDate":"2022-10-10","locale":"GBP","opportunityId":"262","opportunityName":"opportunity_262","paymentFrequency":"Monthly","product1":"Outbound patient message","product2":"Inbound patient message","state1":"Lost","state2":"Lost","value1":117,"value2":145}
{"accountId":"35c2affd-9250-498f-9479-72c9ea796648","industry":"Ms2jcJhh6o","lastUpdatedDate":"2022-10-10","locale":"GBP","opportunityId":"255","opportunityName":"opportunity_255","paymentFrequency":"Annually","product1":"Outbound patient message","product2":"Inbound patient message","state1":"Lost","state2":"Lost","value1":102,"value2":55}
{"accountId":"9c1ea197-fce2-4bb0-a617-aaa18d12c33c","industry":"Iw4HkfVSwj","lastUpdatedDate":"2022-10-10","locale":"GBP","opportunityId":"259","opportunityName":"opportunity_259","paymentFrequency":"Annually","product1":"Outbound patient message","product2":"Inbound patient message","state1":"Close Won","state2":"Close Won","value1":58,"value2":94}
{"accountId":"5f6bdff5-5f69-4a11-9ea4-4a06725b8b5c","industry":"Lo9CtnwfOk","lastUpdatedDate":"2022-10-10","locale":"GBP","opportunityId":"229","opportunityName":"opportunity_229","paymentFrequency":"Annually","product1":"Outbound patient message","product2":"Inbound patient message","state1":"Close Won","state2":"Close Won","value1":132,"value2":77}
{"accountId":"5759ede0-3344-45af-b240-76761e7a80cf","industry":"4Rw1ZTRkhO","lastUpdatedDate":"2022-10-10","locale":"GBP","opportunityId":"218","opportunityName":"opportunity_218","paymentFrequency":"Quarterly","product1":"Outbound patient message","product2":"Inbound patient message","state1":"Close Won","state2":"Close Won","value1":97,"value2":63}
{"accountId":"91be6efb-3a7a-413e-a3fc-4f8008db93e6","industry":"kMamYV7r6V","lastUpdatedDate":"2022-10-10","locale":"GBP","opportunityId":"254","opportunityName":"opportunity_254","paymentFrequency":"Annually","product1":"Outbound patient message","product2":"Inbound patient message","state1":"Lost","state2":"Close Won","value1":91,"value2":109}
{"accountId":"52b62d9d-8ecf-4baf-b6d9-ef122995abd0","industry":"f04ORvSWHX","lastUpdatedDate":"2022-10-10","locale":"GBP","opportunityId":"258","opportunityName":"opportunity_258","paymentFrequency":"Annually","product1":"Outbound patient message","product2":"Inbound patient message","state1":"Lost","state2":"Close Won","value1":60,"value2":122}
{"accountId":"8966f148-1522-4a73-a813-97c52554fc64","industry":"jjwbn2QzUf","lastUpdatedDate":"2022-10-10","locale":"GBP","opportunityId":"224","opportunityName":"opportunity_224","paymentFrequency":"Quarterly","product1":"Outbound patient message","product2":"Inbound patient message","state1":"Lost","state2":"Close Won","value1":81,"value2":116}
{"accountId":"40e9aedc-2075-4ab5-8892-cf4599430b0a","industry":"COd75YIHNp","lastUpdatedDate":"2022-10-10","locale":"GBP","opportunityId":"263","opportunityName":"opportunity_263","paymentFrequency":"Annually","product1":"Outbound patient message","product2":"Inbound patient message","state1":"Close Won","state2":"Lost","value1":88,"value2":117}
{"accountId":"5d2cb818-ef51-46b5-b10a-c507b30a0eba","industry":"4Z0gAPLXOG","lastUpdatedDate":"2022-10-10","locale":"GBP","opportunityId":"250","opportunityName":"opportunity_250","paymentFrequency":"Monthly","product1":"Outbound patient message","product2":"Inbound patient message","state1":"Close Won","state2":"Lost","value1":128,"value2":140}
{"accountId":"583f544a-836a-4244-8912-c4c258f85117","industry":"VS3wo8Sprt","lastUpdatedDate":"2022-10-10","locale":"GBP","opportunityId":"248","opportunityName":"opportunity_248","paymentFrequency":"Monthly","product1":"Outbound patient message","product2":"Inbound patient message","state1":"Lost","state2":"Lost","value1":65,"value2":126}
{"accountId":"85becbb2-f093-4594-92f1-485c08b783cf","industry":"ToBgZUsL9P","lastUpdatedDate":"2022-10-10","locale":"GBP","opportunityId":"232","opportunityName":"opportunity_232","paymentFrequency":"Monthly","product1":"Outbound patient message","product2":"Inbound patient message","state1":"Lost","state2":"Lost","value1":100,"value2":66}
{"accountId":"40792985-b238-4808-8f03-4ccd3fe6fb0a","industry":"lAvJuilzRM","lastUpdatedDate":"2022-10-10","locale":"GBP","opportunityId":"264","opportunityName":"opportunity_264","paymentFrequency":"Annually","product1":"Outbound patient message","product2":"Inbound patient message","state1":"Lost","state2":"Lost","value1":102,"value2":105}
{"accountId":"838afb40-07dd-4711-b4a9-cae177a1aa6d","industry":"VOlrflghs4","lastUpdatedDate":"2022-10-10","locale":"GBP","opportunityId":"130","opportunityName":"opportunity_130","paymentFrequency":"Quarterly","product1":"Outbound patient message","product2":"Inbound patient message","state1":"Close Won","state2":"Lost","value1":98,"value2":112}
{"accountId":"a13aa975-69f4-43c2-925e-8d35c20b2b51","industry":"klxuLsalQQ","lastUpdatedDate":"2022-10-10","locale":"GBP","opportunityId":"206","opportunityName":"opportunity_206","paymentFrequency":"Annually","product1":"Outbound patient message","product2":"Inbound patient message","state1":"Close Won","state2":"Lost","value1":90,"value2":121}
{"accountId":"bbf550ee-b719-4dca-b364-0cf2659cc154","industry":"qwEyD9fuaa","lastUpdatedDate":"2022-10-10","locale":"GBP","opportunityId":"145","opportunityName":"opportunity_145","paymentFrequency":"Monthly","product1":"Outbound patient message","product2":"Inbound patient message","state1":"Close Won","state2":"Close Won","value1":90,"value2":83}
{"accountId":"7b1ffbc2-6f15-4672-b3f8-6bf11bdf367e","industry":"ZpcYe5PlI5","lastUpdatedDate":"2022-10-10","locale":"GBP","opportunityId":"171","opportunityName":"opportunity_171","paymentFrequency":"Quarterly","product1":"Outbound patient message","product2":"Inbound patient message","state1":"Close Won","state2":"Close Won","value1":57,"value2":128}
{"accountId":"9b2b8cb9-5710-4f40-9944-517dbfb29c9c","industry":"iGnPQk3h1P","lastUpdatedDate":"2022-10-10","locale":"GBP","opportunityId":"239","opportunityName":"opportunity_239","paymentFrequency":"Annually","product1":"Outbound patient message","product2":"Inbound patient message","state1":"Close Won","state2":"Close Won","value1":93,"value2":78}
