{"accountId":"e3871ddd-d37d-49f5-92c6-22acbf139565","industry":"12UuQkikMK","lastUpdatedDate":"2022-03-05","locale":"GBP","opportunityId":"20","opportunityName":"opportunity_20","paymentFrequency":"Quarterly","product1":"Outbound patient message","product2":"Inbound patient message","state1":"Close Won","state2":"Close Won","value1":60,"value2":130}
{"accountId":"44ea9a7c-a897-4bff-8105-477143da33b8","industry":"VHKDp5wva4","lastUpdatedDate":"2022-03-05","locale":"GBP","opportunityId":"44","opportunityName":"opportunity_44","paymentFrequency":"Monthly","product1":"Outbound patient message","product2":"Inbound patient message","state1":"Close Won","state2":"Close Won","value1":126,"value2":117}
{"accountId":"546317ea-2cf9-4141-a4d6-a8dcc1edfa09","industry":"NawqhRDigz","lastUpdatedDate":"2022-03-05","locale":"GBP","opportunityId":"4","opportunityName":"opportunity_4","paymentFrequency":"Quarterly","product1":"Outbound patient message","product2":"Inbound patient message","state1":"Close Won","state2":"Close Won","value1":145,"value2":134}
{"accountId":"d64ccb08-68d6-4b3d-aeb5-5d1ea3224496","industry":"xWiukiroxt","lastUpdatedDate":"2022-03-05","locale":"GBP","opportunityId":"85","opportunityName":"opportunity_85","paymentFrequency":"Monthly","product1":"Outbound patient message","product2":"Inbound patient message","state1":"Close Won","state2":"Close Won","value1":84,"value2":107}
{"accountId":"1cbfbfb1-c4a5-4b97-9ada-8af07c9e435a","industry":"3KojlcNq0W","lastUpdatedDate":"2022-03-05","locale":"GBP","opportunityId":"95","opportunityName":"opportunity_95","paymentFrequency":"Annually","product1":"Outbound patient message","product2":"Inbound patient message","state1":"Close Won","state2":"Close Won","value1":83,"value2":141}
{"accountId":"9b2b8cb9-5710-4f40-9944-517dbfb29c9c","industry":"iGnPQk3h1P","lastUpdatedDate":"2022-03-05","locale":"GBP","opportunityId":"14","opportunityName":"opportunity_14","paymentFrequency":"Annually","product1":"Outbound patient message","product2":"Inbound patient message","state1":"Lost","state2":"Lost","value1":150,"value2":138}
{"accountId":"52178677-a05c-4417-83af-9c45934c2fef","industry":"gd56n9xR3K","lastUpdatedDate":"2022-03-05","locale":"GBP","opportunityId":"97","opportunityName":"opportunity_97","paymentFrequency":"Quarterly","product1":"Outbound patient message","product2":"Inbound patient message","state1":"Close Won","state2":"Close Won","value1":149,"value2":112}
{"accountId":"3726d1ee-f078-4178-94d9-462c8b3a6062","industry":"mTs8MXNV7J","lastUpdatedDate":"2022-03-05","locale":"GBP","opportunityId":"37","opportunityName":"opportunity_37","paymentFrequency":"Annually","product1":"Outbound patient message","product2":"Inbound patient message","state1":"Close Won","state2":"Close Won","value1":87,"value2":134}
{"accountId":"5f6bdff5-5f69-4a11-9ea4-4a06725b8b5c","industry":"Lo9CtnwfOk","lastUpdatedDate":"2022-03-05","locale":"GBP","opportunityId":"51","opportunityName":"opportunity_51","paymentFrequency":"Annually","product1":"Outbound patient message","product2":"Inbound patient message","state1":"Lost","state2":"Close Won","value1":115,"value2":82}
{"accountId":"5759ede0-3344-45af-b240-76761e7a80cf","industry":"4Rw1ZTRkhO","lastUpdatedDate":"2022-03-05","locale":"GBP","opportunityId":"138","opportunityName":"opportunity_138","paymentFrequency":"Quarterly","product1":"Outbound patient message","product2":"Inbound patient message","state1":"Lost","state2":"Close Won","value1":127,"value2":62}
{"accountId":"1d39123c-02dd-4a4b-8e28-105cb155c871","industry":"fh5wdcdJG9","lastUpdatedDate":"2022-03-05","locale":"GBP","opportunityId":"82","opportunityName":"opportunity_82","paymentFrequency":"Quarterly","product1":"Outbound patient message","product2":"Inbound patient message","state1":"Close Won","state2":"Lost","value1":103,"value2":50}
{"accountId":"fed6b838-0148-4681-8040-6924829d8671","industry":"WBzMKUP8Fz","lastUpdatedDate":"2022-03-05","locale":"GBP","opportunityId":"48","opportunityName":"opportunity_48","paymentFrequency":"Annually","product1":"Outbound patient message","product2":"Inbound patient message","state1":"Close Won","state2":"Close Won","value1":96,"value2":138}
{"accountId":"54b2a54e-f39a-4762-8791-59cbbd571e01","industry":"94srBLSLR1","lastUpdatedDate":"2022-03-05","locale":"GBP","opportunityId":"80","opportunityName":"opportunity_80","paymentFrequency":"Monthly","product1":"Outbound patient message","product2":"Inbound patient message","state1":"Close Won","state2":"Close Won","value1":135,"value2":93}
{"accountId":"68275770-f794-40d1-8eec-e6a9dea661de","industry":"nZmdT9CvAy","lastUpdatedDate":"2022-03-05","locale":"GBP","opportunityId":"36","opportunityName":"opportunity_36","paymentFrequency":"Quarterly","product1":"Outbound patient message","product2":"Inbound patient message","state1":"Close Won","state2":"Close Won","value1":144,"value2":118}
{"accountId":"92288e8b-1e97-4af6-afcd-8c706312b7e4","industry":"CFsXbZQ92P","lastUpdatedDate":"2022-03-05","locale":"GBP","opportunityId":"54","opportunityName":"opportunity_54","paymentFrequency":"Monthly","product1":"Outbound patient message","product2":"Inbound patient message","state1":"Close Won","state2":"Close Won","value1":76,"value2":123}
{"accountId":"52b62d9d-8ecf-4baf-b6d9-ef122995abd0","industry":"f04ORvSWHX","lastUpdatedDate":"2022-03-05","locale":"GBP","opportunityId":"61","opportunityName":"opportunity_61","paymentFrequency":"Annually","product1":"Outbound patient message","product2":"Inbound patient message","state1":"Close Won","state2":"Close Won","value1":133,"value2":106}
{"accountId":"00effb03-ebfd-443d-a08e-588421347c65","industry":"W1L9Q8NmSX","lastUpdatedDate":"2022-03-05","locale":"GBP","opportunityId":"128","opportunityName":"opportunity_128","paymentFrequency":"Annually","product1":"Outbound patient message","product2":"Inbound patient message","state1":"Close Won","state2":"Close Won","value1":130,"value2":86}
{"accountId":"d545968d-093f-41c8-b436-b37a2635778c","industry":"MKTavbWBfX","lastUpdatedDate":"2022-03-05","locale":"GBP","opportunityId":"163","opportunityName":"opportunity_163","paymentFrequency":"Quarterly","product1":"Outbound patient message","product2":"Inbound patient message","state1":"Close Won","state2":"Close Won","value1":75,"value2":149}
{"accountId":"135e924e-b090-41a4-b8ac-8b1e8aa32b3a","industry":"jCK3oRO4z7","lastUpdatedDate":"2022-03-05","locale":"GBP","opportunityId":"17","opportunityName":"opportunity_17","paymentFrequency":"Monthly","product1":"Outbound patient message","product2":"Inbound patient message","state1":"Close Won","state2":"Close Won","value1":82,"value2":98}
{"accountId":"1cab8b98-3774-475d-a40e-9304ccbee2bb","industry":"zwJl0tZIE6","lastUpdatedDate":"2022-03-05","locale":"GBP","opportunityId":"13","opportunityName":"opportunity_13","paymentFrequency":"Quarterly","product1":"Outbound patient message","product2":"Inbound patient message","state1":"Close Won","state2":"Close Won","value1":92,"value2":56}
{"accountId":"772510e7-9565-4485-809a-321bc3e92119","industry":"zzMbLPSSXq","lastUpdatedDate":"2022-03-05","locale":"GBP","opportunityId":"83","opportunityName":"opportunity_83","paymentFrequency":"Quarterly","product1":"Outbound patient message","product2":"Inbound patient message","state1":"","state2":"Close Won","value1":148,"value2":83}
{"accountId":"27dcfe28-1c7f-46f0-9ce3-148f3660453e","industry":"z9xQNautz8","lastUpdatedDate":"2022-03-05","locale":"GBP","opportunityId":"178","opportunityName":"opportunity_178","paymentFrequency":"Monthly","product1":"Outbound patient message","product2":"Inbound patient message","state1":"Lost","state2":"Close Won","value1":72,"value2":121}
{"accountId":"f80b949f-a775-4e5b-9463-c484d2d8e423","industry":"7iBrmp62wl","lastUpdatedDate":"2022-03-05","locale":"GBP","opportunityId":"192","opportunityName":"opportunity_192","paymentFrequency":"Quarterly","product1":"Outbound patient message","product2":"Inbound patient message","state1":"Lost","state2":"Lost","value1":141,"value2":57}
{"accountId":"583f544a-836a-4244-8912-c4c258f85117","industry":"VS3wo8Sprt","lastUpdatedDate":"2022-03-05","locale":"GBP","opportunityId":"50","opportunityName":"opportunity_50","paymentFrequency":"Monthly","product1":"Outbound patient message","product2":"Inbound patient message","state1":"Close Won","state2":"Lost","value1":73,"value2":106}
{"accountId":"675be342-58e8-4bcb-b2c8-325852835000","industry":"90Nr8hVlQc","lastUpdatedDate":"2022-03-05","locale":"GBP","opportunityId":"57","opportunityName":"opportunity_57","paymentFrequency":"Monthly","product1":"Outbound patient message","product2":"Inbound patient message","state1":"Close Won","state2":"Lost","value1":117,"value2":106}
{"accountId":"37a846db-767c-46a8-9500-93c9ca667381","industry":"vKh5UT98rV","lastUpdatedDate":"2022-03-05","locale":"GBP","opportunityId":"110","opportunityName":"opportunity_110","paymentFrequency":"Quarterly","product1":"Outbound patient message","product2":"Inbound patient message","state1":"Lost","state2":"Close Won","value1":74,"value2":92}
{"accountId":"c4e36f6f-bf4c-4e52-bf45-13477890ab9d","industry":"e54tSJSGYV","lastUpdatedDate":"2022-03-05","locale":"GBP","opportunityId":"38","opportunityName":"opportunity_38","paymentFrequency":"Quarterly","product1":"Outbound patient message","product2":"Inbound patient message","state1":"Lost","state2":"Close Won","value1":109,"value2":119}
{"accountId":"9a487cf9-bf59-40f3-87b7-cc817b8ccad4","industry":"vDZc29vrbC","lastUpdatedDate":"2022-03-05","locale":"GBP","opportunityId":"43","opportunityName":"opportunity_43","paymentFrequency":"Monthly","product1":"Outbound patient message","product2":"Inbound patient message","state1":"Close Won","state2":"Close Won","value1":91,"value2":83}
{"accountId":"709bd593-9e6f-4255-9da2-38eff2a29e53","industry":"AJ5P2x94sZ","lastUpdatedDate":"2022-03-05","locale":"GBP","opportunityId":"7","opportunityName":"opportunity_7","paymentFrequency":"Annually","product1":"Outbound patient message","product2":"Inbound patient message","state1":"Close Won","state2":"Close Won","value1":96,"value2":54}
{"accountId":"d9d8d5cf-37ce-4560-ae5a-0d21e06b971c","industry":"cvq9nIJOxS","lastUpdatedDate":"2022-03-05","locale":"GBP","opportunityId":"1","opportunityName":"opportunity_1","paymentFrequency":"Monthly","product1":"Outbound patient message","product2":"Inbound patient message","state1":"Close Won","state2":"Close Won","value1":92,"value2":91}
