{"accountId":"68275770-f794-40d1-8eec-e6a9dea661de","industry":"nZmdT9CvAy","lastUpdatedDate":"2022-08-31","locale":"GBP","opportunityId":"208","opportunityName":"opportunity_208","paymentFrequency":"Quarterly","product1":"Outbound patient message","product2":"Inbound patient message","state1":"Close Won","state2":"Close Won","value1":67,"value2":64}
{"accountId":"d545968d-093f-41c8-b436-b37a2635778c","industry":"MKTavbWBfX","lastUpdatedDate":"2022-08-31","locale":"GBP","opportunityId":"257","opportunityName":"opportunity_257","paymentFrequency":"Quarterly","product1":"Outbound patient message","product2":"Inbound patient message","state1":"Close Won","state2":"Close Won","value1":52,"value2":57}
{"accountId":"cbadc59c-c1b7-42d7-a899-ec33e7b963f9","industry":"9gqMhJ25jh","lastUpdatedDate":"2022-08-31","locale":"GBP","opportunityId":"227","opportunityName":"opportunity_227","paymentFrequency":"Quarterly","product1":"Outbound patient message","product2":"Inbound patient message","state1":"Close Won","state2":"Close Won","value1":76,"value2":101}
{"accountId":"5021d6e9-f1b4-41ea-8eff-86030071a5b1","industry":"c7tdC3H8ob","lastUpdatedDate":"2022-08-31","locale":"GBP","opportunityId":"256","opportunityName":"opportunity_256","paymentFrequency":"Quarterly","product1":"Outbound patient message","product2":"Inbound patient message","state1":"Close Won","state2":"Close Won","value1":87,"value2":114}
{"accountId":"40e9aedc-2075-4ab5-8892-cf4599430b0a","industry":"COd75YIHNp","lastUpdatedDate":"2022-08-31","locale":"GBP","opportunityId":"263","opportunityName":"opportunity_263","paymentFrequency":"Annually","product1":"Outbound patient message","product2":"Inbound patient message","state1":"Close Won","state2":"Close Won","value1":125,"value2":85}
{"accountId":"e96bd483-4c90-4e7a-aece-d4022778bd14","industry":"NlHxtrfBCH","lastUpdatedDate":"2022-08-31","locale":"GBP","opportunityId":"151","opportunityName":"opportunity_151","paymentFrequency":"Monthly","product1":"Outbound patient message","product2":"Inbound patient message","state1":"Close Won","state2":"Close Won","value1":146,"value2":65}
{"accountId":"e3158c80-0658-4cbf-8770-8e64b457fa10","industry":"GEhgdPsPq0","lastUpdatedDate":"2022-08-31","locale":"GBP","opportunityId":"175","opportunityName":"opportunity_175","paymentFrequency":"Quarterly","product1":"Outbound patient message","product2":"Inbound patient message","state1":"Lost","state2":"Close Won","value1":51,"value2":111}
{"accountId":"cbbddfef-2757-4451-bde7-1380d6d99144","industry":"JXjmr3hZJm","lastUpdatedDate":"2022-08-31","locale":"GBP","opportunityId":"174","opportunityName":"opportunity_174","paymentFrequency":"Monthly","product1":"Outbound patient message","product2":"Inbound patient message","state1":"Close Won","state2":"Lost","value1":83,"value2":148}
{"accountId":"4f7b6c83-81c4-4cae-99d5-7c378d3b3a3e","industry":"hAYu4KkISM","lastUpdatedDate":"2022-08-31","locale":"GBP","opportunityId":"220","opportunityName":"opportunity_220","paymentFrequency":"Annually","product1":"Outbound patient message","product2":"Inbound patient message","state1":"Close Won","state2":"Close Won","value1":95,"value2":60}
{"accountId":"b23bb8cf-c0e4-4f68-9009-5fd0771bd742","industry":"V6T8n1TxbE","lastUpdatedDate":"2022-08-31","locale":"GBP","opportunityId":"124","opportunityName":"opportunity_124","paymentFrequency":"Annually","product1":"Outbound patient message","product2":"Inbound patient message","state1":"Close Won","state2":"Close Won","value1":87,"value2":143}
{"accountId":"3388d167-f5d6-4715-992f-e7aeb9dc0a77","industry":"GFNTBlpcts","lastUpdatedDate":"2022-08-31","locale":"GBP","opportunityId":"193","opportunityName":"opportunity_193","paymentFrequency":"Monthly","product1":"Outbound patient message","product2":"Inbound patient message","state1":"Close Won","state2":"Close Won","value1":72,"value2":117}
{"accountId":"37a846db-767c-46a8-9500-93c9ca667381","industry":"vKh5UT98rV","lastUpdatedDate":"2022-08-31","locale":"GBP","opportunityId":"234","opportunityName":"opportunity_234","paymentFrequency":"Quarterly","product1":"Outbound patient message","product2":"Inbound patient message","state1":"Close Won","state2":"Close Won","value1":106,"value2":58}
{"accountId":"39ce7140-05f9-461b-8793-6315d89110ce","industry":"w7CatCDuam","lastUpdatedDate":"2022-08-31","locale":"GBP","opportunityId":"180","opportunityName":"opportunity_180","paymentFrequency":"Annually","product1":"Outbound patient message","product2":"Inbound patient message","state1":"Lost","state2":"Close Won","value1":80,"value2":53}
{"accountId":"92288e8b-1e97-4af6-afcd-8c706312b7e4","industry":"CFsXbZQ92P","lastUpdatedDate":"2022-08-31","locale":"GBP","opportunityId":"153","opportunityName":"opportunity_153","paymentFrequency":"Monthly","product1":"Outbound patient message","product2":"Inbound patient message","state1":"Lost","state2":"Close Won","value1":63,"value2":134}
{"accountId":"171d317d-b4be-4317-be1f-ec39367e61d6","industry":"TdCHNJwJQd","lastUpdatedDate":"2022-08-31","locale":"GBP","opportunityId":"213","opportunityName":"opportunity_213","paymentFrequency":"Quarterly","product1":"Outbound patient message","product2":"Inbound patient message","state1":"Lost","state2":"Close Won","value1":73,"value2":111}
{"accountId":"fbbb6227-556f-4a77-8c35-88f41006db11","industry":"Mkf48WVyIB","lastUpdatedDate":"2022-08-31","locale":"GBP","opportunityId":"172","opportunityName":"opportunity_172","paymentFrequency":"Monthly","product1":"Outbound patient message","product2":"Inbound patient message","state1":"Close Won","state2":"Lost","value1":54,"value2":93}
{"accountId":"0e3cb943-907a-413e-967d-aed8f479ca04","industry":"Ddm5Ek8pg5","lastUpdatedDate":"2022-08-31","locale":"GBP","opportunityId":"203","opportunityName":"opportunity_203","paymentFrequency":"Annually","product1":"Outbound patient message","product2":"Inbound patient message","state1":"","state2":"Lost","value1":133,"value2":145}
{"accountId":"00effb03-ebfd-443d-a08e-588421347c65","industry":"W1L9Q8NmSX","lastUpdatedDate":"2022-08-31","locale":"GBP","opportunityId":"233","opportunityName":"opportunity_233","paymentFrequency":"Annually","product1":"Outbound patient message","product2":"Inbound patient message","state1":"Lost","state2":"Lost","value1":78,"value2":57}
{"accountId":"40792985-b238-4808-8f03-4ccd3fe6fb0a","industry":"lAvJuilzRM","lastUpdatedDate":"2022-08-31","locale":"GBP","opportunityId":"131","opportunityName":"opportunity_131","paymentFrequency":"Annually","product1":"Outbound patient message","product2":"Inbound patient message","state1":"Close Won","state2":"","value1":64,"value2":124}
{"accountId":"f80b949f-a775-4e5b-9463-c484d2d8e423","industry":"7iBrmp62wl","lastUpdatedDate":"2022-08-31","locale":"GBP","opportunityId":"236","opportunityName":"opportunity_236","paymentFrequency":"Quarterly","product1":"Outbound patient message","product2":"Inbound patient message","state1":"Close Won","state2":"Lost","value1":89,"value2":107}
{"accountId":"8966f148-1522-4a73-a813-97c52554fc64","industry":"jjwbn2QzUf","lastUpdatedDate":"2022-08-31","locale":"GBP","opportunityId":"224","opportunityName":"opportunity_224","paymentFrequency":"Quarterly","product1":"Outbound patient message","product2":"Inbound patient message","state1":"Lost","state2":"Close Won","value1":83,"value2":144}
{"accountId":"3bfa679c-dd05-4739-893e-db2f93adf3cb","industry":"bPWgq3sCNN","lastUpdatedDate":"2022-08-31","locale":"GBP","opportunityId":"267","opportunityName":"opportunity_267","paymentFrequency":"Monthly","product1":"Outbound patient message","product2":"Inbound patient message","state1":"Lost","state2":"Close Won","value1":140,"value2":104}
{"accountId":"e1710833-00ba-4d87-aed4-74bc2ea199f7","industry":"cnDjx5S1TZ","lastUpdatedDate":"2022-08-31","locale":"GBP","opportunityId":"191","opportunityName":"opportunity_191","paymentFrequency":"Quarterly","product1":"Outbound patient message","product2":"Inbound patient message","state1":"Close Won","state2":"Close Won","value1":74,"value2":125}
{"accountId":"44ea9a7c-a897-4bff-8105-477143da33b8","industry":"VHKDp5wva4","lastUpdatedDate":"2022-08-31","locale":"GBP","opportunityId":"143","opportunityName":"opportunity_143","paymentFrequency":"Monthly","product1":"Outbound patient message","product2":"Inbound patient message","state1":"Close Won","state2":"Close Won","value1":80,"value2":74}
