{"accountId":"3a5d243f-7c8d-40ec-af3d-571767304e52","industry":"CX59G7lviB","lastUpdatedDate":"2022-07-30","locale":"GBP","opportunityId":"127","opportunityName":"opportunity_127","paymentFrequency":"Annually","product1":"Outbound patient message","product2":"Inbound patient message","state1":"Close Won","state2":"Close Won","value1":130,"value2":122}
{"accountId":"c082f3e6-dce8-42de-99d8-ef0bb01e728f","industry":"DjjHmxgo6g","lastUpdatedDate":"2022-07-30","locale":"GBP","opportunityId":"117","opportunityName":"opportunity_117","paymentFrequency":"Quarterly","product1":"Outbound patient message","product2":"Inbound patient message","state1":"Close Won","state2":"Close Won","value1":143,"value2":107}
{"accountId":"171d317d-b4be-4317-be1f-ec39367e61d6","industry":"TdCHNJwJQd","lastUpdatedDate":"2022-07-30","locale":"GBP","opportunityId":"213","opportunityName":"opportunity_213","paymentFrequency":"Quarterly","product1":"Outbound patient message","product2":"Inbound patient message","state1":"Close Won","state2":"Lost","value1":87,"value2":112}
{"accountId":"bd434a97-25c5-4688-99ef-952f30928017","industry":"sd2IFdlKBz","lastUpdatedDate":"2022-07-30","locale":"GBP","opportunityId":"225","opportunityName":"opportunity_225","paymentFrequency":"Monthly","product1":"Outbound patient message","product2":"Inbound patient message","state1":"Close Won","state2":"Close Won","value1":67,"value2":83}
{"accountId":"69e2fdbc-18a8-47be-83c9-a568b900d484","industry":"lEHENEerDP","lastUpdatedDate":"2022-07-30","locale":"GBP","opportunityId":"183","opportunityName":"opportunity_183","paymentFrequency":"Quarterly","product1":"Outbound patient message","product2":"Inbound patient message","state1":"Close Won","state2":"Close Won","value1":56,"value2":84}
{"accountId":"135e924e-b090-41a4-b8ac-8b1e8aa32b3a","industry":"jCK3oRO4z7","lastUpdatedDate":"2022-07-30","locale":"GBP","opportunityId":"116","opportunityName":"opportunity_116","paymentFrequency":"Monthly","product1":"Outbound patient message","product2":"Inbound patient message","state1":"Lost","state2":"Close Won","value1":97,"value2":72}
{"accountId":"44ea9a7c-a897-4bff-8105-477143da33b8","industry":"VHKDp5wva4","lastUpdatedDate":"2022-07-30","locale":"GBP","opportunityId":"143","opportunityName":"opportunity_143","paymentFrequency":"Monthly","product1":"Outbound patient message","product2":"Inbound patient message","state1":"Lost","state2":"Close Won","value1":127,"value2":140}
{"accountId":"8966f148-1522-4a73-a813-97c52554fc64","industry":"jjwbn2QzUf","lastUpdatedDate":"2022-07-30","locale":"GBP","opportunityId":"162","opportunityName":"opportunity_162","paymentFrequency":"Quarterly","product1":"Outbound patient message","product2":"Inbound patient message","state1":"Lost","state2":"Close Won","value1":131,"value2":72}
{"accountId":"35c2affd-9250-498f-9479-72c9ea796648","industry":"Ms2jcJhh6o","lastUpdatedDate":"2022-07-30","locale":"GBP","opportunityId":"108","opportunityName":"opportunity_108","paymentFrequency":"Annually","product1":"Outbound patient message","product2":"Inbound patient message","state1":"Lost","state2":"Close Won","value1":53,"value2":56}
{"accountId":"eaf54617-31cc-4c37-a581-68e5ca4c0d95","industry":"dVKEymf21S","lastUpdatedDate":"2022-07-30","locale":"GBP","opportunityId":"187","opportunityName":"opportunity_187","paymentFrequency":"Annually","product1":"Outbound patient message","product2":"Inbound patient message","state1":"Lost","state2":"Close Won","value1":61,"value2":113}
{"accountId":"a0a7bc99-5c3c-44b7-be3d-3902b1e89bbc","industry":"nWreexOtOu","lastUpdatedDate":"2022-07-30","locale":"GBP","opportunityId":"176","opportunityName":"opportunity_176","paymentFrequency":"Annually","product1":"Outbound patient message","product2":"Inbound patient message","state1":"Close Won","state2":"","value1":99,"value2":131}
{"accountId":"1be28579-851b-45f0-a534-68dced7011eb","industry":"gA4sHWC3Fh","lastUpdatedDate":"2022-07-30","locale":"GBP","opportunityId":"158","opportunityName":"opportunity_158","paymentFrequency":"Annually","product1":"Outbound patient message","product2":"Inbound patient message","state1":"Close Won","state2":"Lost","value1":140,"value2":131}
{"accountId":"39ce7140-05f9-461b-8793-6315d89110ce","industry":"w7CatCDuam","lastUpdatedDate":"2022-07-30","locale":"GBP","opportunityId":"180","opportunityName":"opportunity_180","paymentFrequency":"Annually","product1":"Outbound patient message","product2":"Inbound patient message","state1":"Close Won","state2":"Lost","value1":80,"value2":64}
{"accountId":"5d2cb818-ef51-46b5-b10a-c507b30a0eba","industry":"4Z0gAPLXOG","lastUpdatedDate":"2022-07-30","locale":"GBP","opportunityId":"152","opportunityName":"opportunity_152","paymentFrequency":"Monthly","product1":"Outbound patient message","product2":"Inbound patient message","state1":"Lost","state2":"Lost","value1":148,"value2":150}
{"accountId":"583f544a-836a-4244-8912-c4c258f85117","industry":"VS3wo8Sprt","lastUpdatedDate":"2022-07-30","locale":"GBP","opportunityId":"149","opportunityName":"opportunity_149","paymentFrequency":"Monthly","product1":"Outbound patient message","product2":"Inbound patient message","state1":"Lost","state2":"Lost","value1":51,"value2":129}
{"accountId":"9a4677a2-2a43-4f15-b297-71297c76c5f0","industry":"oLKElvYNMb","lastUpdatedDate":"2022-07-30","locale":"GBP","opportunityId":"154","opportunityName":"opportunity_154","paymentFrequency":"Annually","product1":"Outbound patient message","product2":"Inbound patient message","state1":"Lost","state2":"Lost","value1":126,"value2":66}
{"accountId":"3388d167-f5d6-4715-992f-e7aeb9dc0a77","industry":"GFNTBlpcts","lastUpdatedDate":"2022-07-30","locale":"GBP","opportunityId":"94","opportunityName":"opportunity_94","paymentFrequency":"Monthly","product1":"Outbound patient message","product2":"Inbound patient message","state1":"Close Won","state2":"","value1":146,"value2":116}
{"accountId":"bbf550ee-b719-4dca-b364-0cf2659cc154","industry":"qwEyD9fuaa","lastUpdatedDate":"2022-07-30","locale":"GBP","opportunityId":"145","opportunityName":"opportunity_145","paymentFrequency":"Monthly","product1":"Outbound patient message","product2":"Inbound patient message","state1":"Lost","state2":"Lost","value1":66,"value2":98}
{"accountId":"4fab59ae-6b03-4d36-91ad-68842d9fce83","industry":"QPU4nO35Zs","lastUpdatedDate":"2022-07-30","locale":"GBP","opportunityId":"129","opportunityName":"opportunity_129","paymentFrequency":"Quarterly","product1":"Outbound patient message","product2":"Inbound patient message","state1":"Close Won","state2":"Lost","value1":89,"value2":105}
{"accountId":"3b93afd1-7bc0-41a1-9519-c632a31658db","industry":"yquzaR2X1p","lastUpdatedDate":"2022-07-30","locale":"GBP","opportunityId":"205","opportunityName":"opportunity_205","paymentFrequency":"Quarterly","product1":"Outbound patient message","product2":"Inbound patient message","state1":"Close Won","state2":"Close Won","value1":148,"value2":137}
{"accountId":"00effb03-ebfd-443d-a08e-588421347c65","industry":"W1L9Q8NmSX","lastUpdatedDate":"2022-07-30","locale":"GBP","opportunityId":"233","opportunityName":"opportunity_233","paymentFrequency":"Annually","product1":"Outbound patient message","product2":"Inbound patient message","state1":"Close Won","state2":"Close Won","value1":92,"value2":116}
{"accountId":"85becbb2-f093-4594-92f1-485c08b783cf","industry":"ToBgZUsL9P","lastUpdatedDate":"2022-07-30","locale":"GBP","opportunityId":"188","opportunityName":"opportunity_188","paymentFrequency":"Monthly","product1":"Outbound patient message","product2":"Inbound patient message","state1":"Close Won","state2":"Close Won","value1":95,"value2":55}
{"accountId":"7b1ffbc2-6f15-4672-b3f8-6bf11bdf367e","industry":"ZpcYe5PlI5","lastUpdatedDate":"2022-07-30","locale":"GBP","opportunityId":"171","opportunityName":"opportunity_171","paymentFrequency":"Quarterly","product1":"Outbound patient message","product2":"Inbound patient message","state1":"Close Won","state2":"Close Won","value1":85,"value2":125}
{"accountId":"4f7b6c83-81c4-4cae-99d5-7c378d3b3a3e","industry":"hAYu4KkISM","lastUpdatedDate":"2022-07-30","locale":"GBP","opportunityId":"220","opportunityName":"opportunity_220","paymentFrequency":"Annually","product1":"Outbound patient message","product2":"Inbound patient message","state1":"Close Won","state2":"Close Won","value1":143,"value2":92}
